pattern_id,source_mode,source_dataset,geo_scale,geo_id,geo_name,scenario_key,scenario_label,candidate_type,aggregation_statistic,direction,pattern_type,start_date,end_date,calendar_duration_days,n_qualifying_days,n_valid_days,pct_qualifying_days_this_direction,avg_scenario_value,avg_baseline_value,avg_absolute_difference,avg_percent_difference,avg_median_difference,avg_regional_maximum_difference,avg_rolling_difference_during_detection,strongest_rolling_difference_during_detection,avg_station_agreement,avg_paired_station_coverage,criteria_satisfied,n_stations,is_small_cluster,small_cluster_caveat,smoothing_window_days,min_duration_days_rule,interruption_days_rule,full_detected_span,persistent_classification_period,strongest_display_period,same_water_year_for_classification_and_display,threshold_uS_cm,net_additional_days,baseline_days_above,scenario_days_above,scenario_only_days_above,baseline_only_days_above,threshold_period_type,threshold_period_key,threshold_label,baseline_longest_episode_days,scenario_longest_episode_days,agreeing_station_ids,disagreeing_station_ids,insufficient_data_station_ids,geometry_status,geometry_note
aa5af7a35bbac1d3,curated_candidate,expanded_region_pilot,region,bf_freshwater_pathway,B&F Freshwater Pathway,bolster,Bolster & Fortify,threshold_consequence,mean,,,,,,,60,0,,,,,,,,,,,,14,false,,,,,,,,,700,-60,60,0,0,60,water_year,WY2021,exploratory EC screening threshold,60,0,,,,,
586a7d2d02653c70,curated_candidate,expanded_region_pilot,region,bf_freshwater_pathway,B&F Freshwater Pathway,bolster,Bolster & Fortify,strongest_fresher,mean,fresher,persistent_condition,2020-10-01,2020-11-29,60,60,60,100,537.546,823.608,-286.062,-34.662,-266.609,-394.787,,,0.9524,1,absolute+percent,14,false,,7,7,1,[object Object],[object Object],[object Object],true,,,,,,,,,,,,"[291,292,293,294,296,297,298,302,303,304,355,356,357]",[132],[295],,
5e7fb639f8d35ec6,curated_candidate,cluster_discovery_scan,cluster,Banks/Jones export intake reach,Banks/Jones export intake reach,bolster,Bolster & Fortify,strongest_fresher,mean,fresher,persistent_condition,2020-10-01,2020-11-29,60,60,60,100,515.037,628.318,-113.281,-18.049,-118.501,-110.331,,,1,1,absolute+percent,3,false,,7,7,1,[object Object],[object Object],[object Object],true,,,,,,,,,,,,"[358,362,363]",[],[],,
dadfcbaa07997a67,curated_candidate,cluster_discovery_scan,cluster,Bethany–Old River reach,Bethany–Old River reach,bolster,Bolster & Fortify,strongest_fresher,mean,fresher,episode,2020-09-09,2020-10-27,49,49,,,625.4,694.567,-69.168,-9.951,-65.466,-51.853,-69.729,-77.451,0.9959,1,absolute+percent,5,false,,7,7,1,[object Object],,,,,,,,,,,,,,,"[364,366,368,369,373]",[],[],,
1ab9c11921c1fb57,curated_candidate,cluster_discovery_scan,cluster,Bethel Island–Delta Coves/Sand Mound,Bethel Island–Delta Coves/Sand Mound,bolster,Bolster & Fortify,strongest_saltier,mean,saltier,episode,2018-12-06,2019-01-31,57,57,,,1012.119,913.068,99.051,10.977,80.358,109.521,99.939,141.075,1,1,absolute+percent,4,false,,7,7,1,[object Object],,,,,,,,,,,,,,,"[267,269,271,277]",[],[],,
c6573c00264223b7,curated_candidate,cluster_discovery_scan,cluster,Clifton Court–Old River/Victoria Canal,Clifton Court–Old River/Victoria Canal,bolster,Bolster & Fortify,strongest_fresher,mean,fresher,persistent_condition,2020-10-01,2020-11-29,60,60,60,100,522.696,655.326,-132.63,-20.082,-170.442,-185.186,,,0.8426,1,absolute+percent,9,false,,7,7,1,[object Object],[object Object],[object Object],true,,,,,,,,,,,,"[284,288,310,313,355,357,359,360,365]",[],[],,
a22a5ed709005b3a,curated_candidate,cluster_discovery_scan,cluster,Discovery Bay–Indian Slough,Discovery Bay–Indian Slough,bolster,Bolster & Fortify,threshold_consequence,mean,,,,,,,365,0.548,,,,,,,,,,,,5,false,,,,,,,,,700,-77,79,2,0,77,water_year,WY2019,exploratory EC screening threshold,65,2,,,,,
75db3475fe93661a,curated_candidate,cluster_discovery_scan,cluster,Discovery Bay–Indian Slough,Discovery Bay–Indian Slough,bolster,Bolster & Fortify,strongest_fresher,mean,fresher,persistent_condition,2020-10-01,2020-11-29,60,60,60,100,541.603,861.249,-319.646,-37.096,-331.383,-348.097,,,1,1,absolute+percent,5,false,,7,7,1,[object Object],[object Object],[object Object],true,,,,,,,,,,,,"[278,279,280,289,290]",[],[],,
1f449fda521688eb,curated_candidate,cluster_discovery_scan,cluster,Dutch Slough–Big Break,Dutch Slough–Big Break,bolster,Bolster & Fortify,strongest_saltier,mean,saltier,episode,2020-11-04,2020-11-29,26,26,,,1537.767,1457.976,79.791,5.506,74.747,71.926,80.308,98.65,1,1,absolute,5,false,,7,7,1,[object Object],,,,,,,,,,,,,,,"[257,258,259,260,262]",[],[],,
e8d15a07373ccc39,curated_candidate,methodology_pilot,region,franks_tract,Franks Tract,bolster,Bolster & Fortify,threshold_consequence,mean,,,,,,,365,13.425,,,,,,,,,,,,11,false,,,,,,,,,1000,26,23,49,26,0,water_year,WY2019,exploratory EC screening threshold,23,49,,,,,
ed9cb66fb88cc5a5,curated_candidate,methodology_pilot,region,franks_tract,Franks Tract,bolster,Bolster & Fortify,strongest_saltier,mean,saltier,episode,2018-11-30,2019-01-28,60,60,,,899.384,796.776,102.607,13.171,144.433,128.829,,,0.8303,1,absolute+percent,11,false,,7,7,1,,,,,,,,,,,,,,,,"[263,265,270,274,276,281,282,283,285]","[291,292]","[113,115,119,120,121,124,127,129,132,133,134,136,257,259,260,261,262,264,266,267,269,271,273,275,277,293,294,296,300,301,305,307,309,315]",,
50b242d0c6b71342,curated_candidate,cluster_discovery_scan,cluster,Holland Cut–Bacon Island,Holland Cut–Bacon Island,bolster,Bolster & Fortify,threshold_consequence,mean,,,,,,,365,0,,,,,,,,,,,,4,false,,,,,,,,,700,-70,70,0,0,70,water_year,WY2019,exploratory EC screening threshold,57,0,,,,,
8843ae23f8516788,curated_candidate,cluster_discovery_scan,cluster,Holland Cut–Bacon Island,Holland Cut–Bacon Island,bolster,Bolster & Fortify,strongest_fresher,mean,fresher,persistent_condition,2020-10-01,2020-11-29,60,60,60,100,534.918,921.444,-386.527,-41.905,-387.365,-397.837,,,1,1,absolute+percent,4,false,,7,7,1,[object Object],[object Object],[object Object],true,,,,,,,,,,,,"[286,295,296,298]",[],[],,
1322e1a0b84fdf72,curated_candidate,cluster_discovery_scan,cluster,Holland Tract–Quimby/Youngs Slough,Holland Tract–Quimby/Youngs Slough,bolster,Bolster & Fortify,threshold_consequence,mean,,,,,,,60,0,,,,,,,,,,,,5,false,,,,,,,,,700,-60,60,0,0,60,water_year,WY2021,exploratory EC screening threshold,60,0,,,,,
5f3b22938c442625,curated_candidate,cluster_discovery_scan,cluster,Holland Tract–Quimby/Youngs Slough,Holland Tract–Quimby/Youngs Slough,bolster,Bolster & Fortify,strongest_fresher,mean,fresher,persistent_condition,2020-10-01,2020-11-29,60,60,60,100,540.411,896.021,-355.61,-39.644,-437.697,-464.325,,,1,1,absolute+percent,5,false,,7,7,1,[object Object],[object Object],[object Object],true,,,,,,,,,,,,"[291,293,294,300,305]",[],[],,
north_franks_tract_bf_2018_gate,curated_candidate,north_franks_reviewed_region,region,north_franks_tract,North Franks Tract,bolster,Bolster & Fortify,strongest_saltier,mean,saltier,episode,2018-10-17,2018-12-15,60,60,,,879.5919,778.3585,101.2333,13.0059,,,,,0.9646,1,,16,,,,,,,,,,,,,,,,,,,,,,,,reviewed_polygon,Uses the reviewed North Franks Tract waterway-region geometry.
north_franks_tract_bf_2019_gate,curated_candidate,north_franks_reviewed_region,region,north_franks_tract,North Franks Tract,bolster,Bolster & Fortify,strongest_saltier,mean,saltier,episode,2019-01-01,2019-03-01,60,60,,,303.9355,290.7708,13.1647,4.5275,,,,,0.926,1,,16,,,,,,,,,,,,,,,,,,,,,,,,reviewed_polygon,Uses the reviewed North Franks Tract waterway-region geometry.
north_franks_tract_bf_2020_dry,curated_candidate,north_franks_reviewed_region,region,north_franks_tract,North Franks Tract,bolster,Bolster & Fortify,strongest_saltier,mean,saltier,episode,2020-09-30,2020-11-28,60,60,,,1037.4034,897.8472,139.5562,15.5434,,,,,0.9771,1,,16,,,,,,,,,,,,,,,,,,,,,,,,reviewed_polygon,Uses the reviewed North Franks Tract waterway-region geometry.
dea1b7fa05855c23,curated_candidate,cluster_discovery_scan,cluster,Old River–Fay/Woodward/Byron reach,Old River–Fay/Woodward/Byron reach,bolster,Bolster & Fortify,threshold_consequence,mean,,,,,,,60,0,,,,,,,,,,,,7,false,,,,,,,,,700,-50,50,0,0,50,water_year,WY2021,exploratory EC screening threshold,50,0,,,,,
1c5e9cfa5a2b1506,curated_candidate,cluster_discovery_scan,cluster,Old River–Fay/Woodward/Byron reach,Old River–Fay/Woodward/Byron reach,bolster,Bolster & Fortify,strongest_fresher,mean,fresher,persistent_condition,2020-10-01,2020-11-29,60,60,60,100,516.631,747.488,-230.857,-30.753,-262.005,-315.027,,,1,1,absolute+percent,7,false,,7,7,1,[object Object],[object Object],[object Object],true,,,,,,,,,,,,"[297,299,302,303,304,306,356]",[],[],,
971c495eb22db05d,curated_candidate,cluster_discovery_scan,cluster,Rock Slough–Sand Mound/Summer Lake,Rock Slough–Sand Mound/Summer Lake,bolster,Bolster & Fortify,threshold_consequence,mean,,,,,,,365,9.863,,,,,,,,,,,,4,false,,,,,,,,,700,-84,120,36,1,85,water_year,WY2019,exploratory EC screening threshold,117,32,,,,,
b59075e9f717a836,curated_candidate,cluster_discovery_scan,cluster,Rock Slough–Sand Mound/Summer Lake,Rock Slough–Sand Mound/Summer Lake,bolster,Bolster & Fortify,strongest_fresher,mean,fresher,persistent_condition,2020-10-01,2020-11-29,60,60,60,100,625.064,963.171,-338.106,-35.085,-357.462,-276.499,,,1,1,absolute+percent,4,false,,7,7,1,[object Object],[object Object],[object Object],true,,,,,,,,,,,,"[268,272,273,275]",[],[],,
e13e173769635e38,curated_candidate,cluster_discovery_scan,cluster,Taylor Slough–Piper Slough,Taylor Slough–Piper Slough,bolster,Bolster & Fortify,strongest_saltier,mean,saltier,episode,2020-11-01,2020-11-29,29,29,,,1460.3,1383.376,76.924,5.595,74.888,73.139,75.597,97.283,1,1,absolute,3,false,,7,7,1,[object Object],,,,,,,,,,,,,,,"[261,263,264]",[],[],,
76c987627d61bdfa,curated_candidate,expanded_region_pilot,region,bf_freshwater_pathway,B&F Freshwater Pathway,ecomachine,Eco Machine,strongest_fresher,mean,fresher,persistent_condition,2020-10-01,2020-11-29,60,60,60,100,604.281,823.608,-219.327,-26.573,-201.329,-321.006,,,0.9298,1,absolute+percent,14,false,,7,7,1,[object Object],[object Object],[object Object],true,,,,,,,,,,,,"[291,292,293,294,296,297,298,302,303,304,355,356,357]",[132],[295],,
bf61ba94b6f825d1,curated_candidate,cluster_discovery_scan,cluster,Banks/Jones export intake reach,Banks/Jones export intake reach,ecomachine,Eco Machine,strongest_fresher,mean,fresher,persistent_condition,2020-10-01,2020-11-29,60,60,60,100,530.598,628.318,-97.72,-15.617,-102.754,-94.815,,,1,1,absolute+percent,3,false,,7,7,1,[object Object],[object Object],[object Object],true,,,,,,,,,,,,"[358,362,363]",[],[],,
b07898564be92212,curated_candidate,cluster_discovery_scan,cluster,Bethel Island–Delta Coves/Sand Mound,Bethel Island–Delta Coves/Sand Mound,ecomachine,Eco Machine,strongest_fresher,mean,fresher,persistent_condition,2020-10-01,2020-11-29,60,60,60,100,1121.132,1300.624,-179.492,-13.764,-186.501,-187.457,,,1,1,absolute+percent,4,false,,7,7,1,[object Object],[object Object],[object Object],true,,,,,,,,,,,,"[267,269,271,277]",[],[],,
a8999df3bbc93be0,curated_candidate,cluster_discovery_scan,cluster,Big Break,Big Break,ecomachine,Eco Machine,strongest_fresher,mean,fresher,episode,2018-10-07,2019-01-20,106,106,,,1239.759,1448.662,-208.903,-13.977,-203.453,-269.267,-213.433,-340.976,1,1,absolute+percent,4,false,,7,7,1,[object Object],,,,,,,,,,,,,,,"[106,107,108,112]",[],[],,
6a6937bfd5974377,curated_candidate,cluster_discovery_scan,cluster,Clifton Court–Old River/Victoria Canal,Clifton Court–Old River/Victoria Canal,ecomachine,Eco Machine,strongest_fresher,mean,fresher,persistent_condition,2020-10-01,2020-11-29,60,60,60,100,538.532,655.326,-116.794,-17.739,-143.354,-151.31,,,0.9037,1,absolute+percent,9,false,,7,7,1,[object Object],[object Object],[object Object],true,,,,,,,,,,,,"[284,288,310,313,355,357,359,360,365]",[],[],,
fb1c412ccafe7b04,curated_candidate,cluster_discovery_scan,cluster,Cordelia–Goodyear/Suisun Sloughs,Cordelia–Goodyear/Suisun Sloughs,ecomachine,Eco Machine,strongest_saltier,mean,saltier,persistent_condition,2019-10-01,2020-09-30,366,359,366,98.09,13149.45,11894.179,1255.271,10.837,1797.926,170.772,,,0.929,1,absolute+percent,5,false,,7,7,1,[object Object],[object Object],[object Object],true,,,,,,,,,,,,"[52,54,55,56,59]",[],[],,
ea9e4e1afd729ca3,curated_candidate,cluster_discovery_scan,cluster,Discovery Bay–Indian Slough,Discovery Bay–Indian Slough,ecomachine,Eco Machine,strongest_fresher,mean,fresher,persistent_condition,2020-10-01,2020-11-29,60,60,60,100,608.005,861.249,-253.244,-29.395,-263.414,-274.074,,,1,1,absolute+percent,5,false,,7,7,1,[object Object],[object Object],[object Object],true,,,,,,,,,,,,"[278,279,280,289,290]",[],[],,
c443e5a5a06ac756,curated_candidate,cluster_discovery_scan,cluster,Dutch Slough–Big Break,Dutch Slough–Big Break,ecomachine,Eco Machine,strongest_fresher,mean,fresher,persistent_condition,2020-10-01,2020-11-29,60,60,60,100,1326.587,1488.367,-161.779,-10.853,-168.337,-168.442,,,1,1,absolute+percent,5,false,,7,7,1,[object Object],[object Object],[object Object],true,,,,,,,,,,,,"[257,258,259,260,262]",[],[],,
e8f25a0882968e9c,curated_candidate,cluster_discovery_scan,cluster,Fisherman's Cut–Piper Slough,Fisherman's Cut–Piper Slough,ecomachine,Eco Machine,strongest_fresher,mean,fresher,episode,2018-10-07,2019-01-21,107,107,,,814.79,994.683,-179.893,-17.234,-240.646,-226.319,-182.813,-354.453,0.9969,1,absolute+percent,3,false,,7,7,1,[object Object],,,,,,,,,,,,,,,"[124,265,266]",[],[],,
1238ba858424cb87,curated_candidate,methodology_pilot,region,franks_tract,Franks Tract,ecomachine,Eco Machine,strongest_fresher,mean,fresher,persistent_condition,2020-10-01,2020-11-29,60,60,,,864.524,1142.895,-278.37,-24.269,-233.878,-366.062,,,1,1,absolute+percent,11,false,,7,7,1,[object Object],[object Object],[object Object],,,,,,,,,,,,,"[263,265,270,274,276,281,282,283,285,291,292]",[],"[113,115,119,120,121,124,127,129,132,133,134,136,257,259,260,261,262,264,266,267,269,271,273,275,277,293,294,296,300,301,305,307,309,315]",,
dd1193dffcd2d77b,curated_candidate,cluster_discovery_scan,cluster,Franks Tract,Franks Tract,ecomachine,Eco Machine,strongest_fresher,mean,fresher,persistent_condition,2020-10-01,2020-11-29,60,60,60,100,837.508,1098.118,-260.611,-23.631,-297.304,-272.725,,,1,1,absolute+percent,8,false,,7,7,1,[object Object],[object Object],[object Object],true,,,,,,,,,,,,"[270,274,276,281,282,283,285,292]",[],[],,
c7439725dbe14cc6,curated_candidate,cluster_discovery_scan,cluster,Grizzly Bay,Grizzly Bay,ecomachine,Eco Machine,strongest_saltier,mean,saltier,persistent_condition,2019-10-01,2020-09-30,366,338,366,92.35,12597.495,12133.662,463.833,3.984,743.02,74.507,,,0.8317,1,absolute+percent,5,false,,7,7,1,[object Object],[object Object],[object Object],true,,,,,,,,,,,,"[63,64,67,72,73]",[],[],,
c7e527151ae49cb4,curated_candidate,cluster_discovery_scan,cluster,Holland Cut–Bacon Island,Holland Cut–Bacon Island,ecomachine,Eco Machine,strongest_fresher,mean,fresher,persistent_condition,2020-10-01,2020-11-29,60,60,60,100,621.183,921.444,-300.261,-32.536,-299.98,-313.286,,,1,1,absolute+percent,4,false,,7,7,1,[object Object],[object Object],[object Object],true,,,,,,,,,,,,"[286,295,296,298]",[],[],,
d616e17f93b303a7,curated_candidate,cluster_discovery_scan,cluster,Holland Tract–Quimby/Youngs Slough,Holland Tract–Quimby/Youngs Slough,ecomachine,Eco Machine,strongest_fresher,mean,fresher,persistent_condition,2020-10-01,2020-11-29,60,60,60,100,635.241,896.021,-260.78,-29.036,-334.512,-333.914,,,1,1,absolute+percent,5,false,,7,7,1,[object Object],[object Object],[object Object],true,,,,,,,,,,,,"[291,293,294,300,305]",[],[],,
5960f0aa5a102334,curated_candidate,cluster_discovery_scan,cluster,Lower Sacramento River at Collinsville,Lower Sacramento River at Collinsville,ecomachine,Eco Machine,strongest_fresher,mean,fresher,episode,2018-10-07,2019-01-20,106,106,,,7302.552,7768.196,-465.643,-6.395,-582.038,-613.046,-482.232,-864.362,1,1,absolute,5,false,,7,7,1,[object Object],,,,,,,,,,,,,,,"[82,85,88,89,90]",[],[],,
f96c8dd2c481a2a1,curated_candidate,methodology_pilot,region,montezuma_slough,Montezuma Slough,ecomachine,Eco Machine,strongest_saltier,mean,saltier,persistent_condition,2018-10-01,2019-09-30,365,365,,,5336.952,3932.79,1404.162,87.958,1999.964,972.712,,,0.9984,1,absolute+percent,7,false,,7,7,1,[object Object],[object Object],[object Object],,,,,,,,,,,,,"[62,65,74,78,81,83,86]",[],"[52,55,56,57,59,60,63,66,67,68,72,84,87]",,
50af23e338ed6235,curated_candidate,cluster_discovery_scan,cluster,Montezuma Slough–eastern Suisun Marsh,Montezuma Slough–eastern Suisun Marsh,ecomachine,Eco Machine,strongest_saltier,mean,saltier,persistent_condition,2018-10-01,2019-09-30,365,365,365,100,4889.99,3598.853,1291.137,90.104,1379.99,989.932,,,0.9988,1,absolute+percent,9,false,,7,7,1,[object Object],[object Object],[object Object],true,,,,,,,,,,,,"[62,65,74,78,81,83,84,86,87]",[],[],,
9b5e707a4cad72dd,curated_candidate,cluster_discovery_scan,cluster,Old River–Fay/Woodward/Byron reach,Old River–Fay/Woodward/Byron reach,ecomachine,Eco Machine,strongest_fresher,mean,fresher,persistent_condition,2020-10-01,2020-11-29,60,60,60,100,558.331,747.488,-189.157,-25.222,-210.753,-248.918,,,1,1,absolute+percent,7,false,,7,7,1,[object Object],[object Object],[object Object],true,,,,,,,,,,,,"[297,299,302,303,304,306,356]",[],[],,
f26cd63698fe2832,curated_candidate,cluster_discovery_scan,cluster,Pittsburg–Antioch Confluence Reach,Pittsburg–Antioch Confluence Reach,ecomachine,Eco Machine,strongest_fresher,mean,fresher,episode,2018-10-07,2019-01-17,103,103,,,4487.269,4921.996,-434.727,-9.483,-453.541,-496.391,-448.644,-742.479,1,1,absolute+percent,3,false,,7,7,1,[object Object],,,,,,,,,,,,,,,"[93,94,97]",[],[],,
ec02ae5e88f820a1,curated_candidate,cluster_discovery_scan,cluster,Rock Slough–Sand Mound/Summer Lake,Rock Slough–Sand Mound/Summer Lake,ecomachine,Eco Machine,strongest_fresher,mean,fresher,persistent_condition,2020-10-01,2020-11-29,60,60,60,100,679.402,963.171,-283.769,-29.426,-276.717,-302.945,,,1,1,absolute+percent,4,false,,7,7,1,[object Object],[object Object],[object Object],true,,,,,,,,,,,,"[268,272,273,275]",[],[],,
c6fa1d9558b5f055,curated_candidate,cluster_discovery_scan,cluster,Sacramento River–Sherman Island,Sacramento River–Sherman Island,ecomachine,Eco Machine,strongest_fresher,mean,fresher,episode,2018-10-07,2019-01-15,101,101,,,836.897,1024.761,-187.864,-18.471,-159.65,-303.963,-192.477,-338.54,1,1,absolute+percent,5,false,,7,7,1,[object Object],,,,,,,,,,,,,,,"[102,104,109,110,111]",[],[],,
25b97233fc47e04a,curated_candidate,cluster_discovery_scan,cluster,San Joaquin River–Antioch Reach,San Joaquin River–Antioch Reach,ecomachine,Eco Machine,strongest_fresher,mean,fresher,episode,2018-10-07,2019-01-19,105,105,,,3018.939,3458.082,-439.143,-12.594,-433.735,-540.529,-451.892,-691.42,1,1,absolute+percent,6,false,,7,7,1,[object Object],,,,,,,,,,,,,,,"[92,95,96,98,101,103]",[],[],,
d815c1f516954be5,curated_candidate,cluster_discovery_scan,cluster,Sherman Lake and Sherman Island,Sherman Lake and Sherman Island,ecomachine,Eco Machine,strongest_fresher,mean,fresher,episode,2018-10-07,2019-01-25,111,111,,,2201.896,2588.199,-386.303,-15.484,-386.303,-414.553,-397.353,-603.75,1,1,absolute+percent,2,true,"TWO-STATION CLUSTER: station agreement below reflects whether one or both of the two stations support the direction, not broad regional evidence.",7,7,1,[object Object],,,,,,,,,,,,,,,"[99,100]",[],[],,
3e2e58211330e83d,curated_candidate,cluster_discovery_scan,cluster,Suisun Bay,Suisun Bay,ecomachine,Eco Machine,strongest_fresher,mean,fresher,episode,2018-10-07,2019-01-08,94,94,,,17542.356,18083.719,-541.363,-3.04,-622.051,-421.117,-566.808,-999.135,0.9819,1,absolute,10,false,,7,7,1,[object Object],,,,,,,,,,,,,,,"[53,58,61,69,70,75,76,77,79,80]",[],[],,
27537b015cf7f5f1,curated_candidate,expanded_region_pilot,region,ngw_component_003,Suisun Marsh,ecomachine,Eco Machine,strongest_saltier,mean,saltier,persistent_condition,2019-10-01,2020-09-30,366,356,366,97.27,7708.551,6406.91,1301.641,23.01,2997.1,170.772,,,0.6658,1,absolute+percent,29,false,,7,7,1,[object Object],[object Object],[object Object],true,,,,,,,,,,,,"[52,54,55,56,57,59,60,62,65,66,68,71,74,78,81,83,84,86,87]","[75,89,92,94,95,97,98,100,101,103]","[73,77,88,90,91,93]",,
66d9d28ec0111282,curated_candidate,cluster_discovery_scan,cluster,Taylor Slough–Piper Slough,Taylor Slough–Piper Slough,ecomachine,Eco Machine,strongest_fresher,mean,fresher,persistent_condition,2020-10-01,2020-11-29,60,60,60,100,1180.369,1404.053,-223.684,-15.894,-220.117,-187.742,,,1,1,absolute+percent,3,false,,7,7,1,[object Object],[object Object],[object Object],true,,,,,,,,,,,,"[261,263,264]",[],[],,
3fc9eed5df6270c3,curated_candidate,cluster_discovery_scan,cluster,Three Mile Slough–Twitchell/False River,Three Mile Slough–Twitchell/False River,ecomachine,Eco Machine,strongest_fresher,mean,fresher,episode,2018-10-07,2019-01-21,107,107,,,865.216,1009.956,-144.74,-13.973,-99.805,-212.636,-147.845,-238.605,1,1,absolute+percent,7,false,,7,7,1,[object Object],,,,,,,,,,,,,,,"[113,115,116,117,119,120,121]",[],[],,
b9fb217ff680e055,curated_candidate,cluster_discovery_scan,cluster,Western Suisun Marsh sloughs,Western Suisun Marsh sloughs,ecomachine,Eco Machine,strongest_saltier,mean,saltier,persistent_condition,2018-10-01,2019-09-30,365,365,365,100,6845.288,5077.941,1767.347,59.106,1755.741,2057.236,,,0.9956,1,absolute+percent,5,false,,7,7,1,[object Object],[object Object],[object Object],true,,,,,,,,,,,,"[57,60,66,68,71]",[],[],,
911ab029f578abdf,curated_candidate,expanded_region_pilot,region,bf_freshwater_pathway,B&F Freshwater Pathway,newgreen,New Green Watershed,strongest_fresher,mean,fresher,persistent_condition,2020-10-01,2020-11-29,60,60,60,100,615.437,823.608,-208.171,-25.209,-189.871,-310.157,,,0.9286,1,absolute+percent,14,false,,7,7,1,[object Object],[object Object],[object Object],true,,,,,,,,,,,,"[291,292,293,294,296,297,298,302,303,304,355,356,357]",[132],[295],,
48ec5d9c9d1117d8,curated_candidate,cluster_discovery_scan,cluster,Banks/Jones export intake reach,Banks/Jones export intake reach,newgreen,New Green Watershed,strongest_fresher,mean,fresher,persistent_condition,2020-10-01,2020-11-29,60,60,60,100,538.183,628.318,-90.135,-14.406,-94.987,-87.369,,,1,1,absolute+percent,3,false,,7,7,1,[object Object],[object Object],[object Object],true,,,,,,,,,,,,"[358,362,363]",[],[],,
2e70e23547c4e232,curated_candidate,cluster_discovery_scan,cluster,Bethel Island–Delta Coves/Sand Mound,Bethel Island–Delta Coves/Sand Mound,newgreen,New Green Watershed,strongest_fresher,mean,fresher,persistent_condition,2020-10-01,2020-11-29,60,60,60,100,1148.001,1300.624,-152.623,-11.696,-159.327,-161.489,,,1,1,absolute+percent,4,false,,7,7,1,[object Object],[object Object],[object Object],true,,,,,,,,,,,,"[267,269,271,277]",[],[],,
09d8f6a3bfaad45c,curated_candidate,cluster_discovery_scan,cluster,Big Break,Big Break,newgreen,New Green Watershed,strongest_fresher,mean,fresher,episode,2018-10-07,2019-01-21,107,107,,,1228.931,1439.832,-210.901,-14.327,-205.324,-274.651,-215.38,-336.359,1,1,absolute+percent,4,false,,7,7,1,[object Object],,,,,,,,,,,,,,,"[106,107,108,112]",[],[],,
bf822c591f69741c,curated_candidate,cluster_discovery_scan,cluster,Clifton Court–Old River/Victoria Canal,Clifton Court–Old River/Victoria Canal,newgreen,New Green Watershed,strongest_fresher,mean,fresher,persistent_condition,2020-10-01,2020-11-29,60,60,60,100,548.432,655.326,-106.894,-16.214,-133.342,-141.725,,,0.8908,1,absolute+percent,9,false,,7,7,1,[object Object],[object Object],[object Object],true,,,,,,,,,,,,"[284,288,310,313,355,357,359,360,365]",[],[],,
aff8727e9dcd4c8e,curated_candidate,cluster_discovery_scan,cluster,Cordelia–Goodyear/Suisun Sloughs,Cordelia–Goodyear/Suisun Sloughs,newgreen,New Green Watershed,strongest_saltier,mean,saltier,persistent_condition,2019-10-01,2020-09-30,366,359,366,98.09,13173.168,11894.179,1278.989,10.883,1825.442,185.348,,,0.9251,1,absolute+percent,5,false,,7,7,1,[object Object],[object Object],[object Object],true,,,,,,,,,,,,"[52,54,55,56,59]",[],[],,
ec9d530f921fcf7c,curated_candidate,cluster_discovery_scan,cluster,Discovery Bay–Indian Slough,Discovery Bay–Indian Slough,newgreen,New Green Watershed,strongest_fresher,mean,fresher,persistent_condition,2020-10-01,2020-11-29,60,60,60,100,619.938,861.249,-241.311,-28.006,-251.022,-262.223,,,1,1,absolute+percent,5,false,,7,7,1,[object Object],[object Object],[object Object],true,,,,,,,,,,,,"[278,279,280,289,290]",[],[],,
dd3f201713daa257,curated_candidate,cluster_discovery_scan,cluster,Fisherman's Cut–Piper Slough,Fisherman's Cut–Piper Slough,newgreen,New Green Watershed,strongest_fresher,mean,fresher,episode,2018-10-07,2019-01-22,108,108,,,804.517,988.037,-183.52,-17.734,-243.522,-231.22,-186.671,-357.198,0.9938,1,absolute+percent,3,false,,7,7,1,[object Object],,,,,,,,,,,,,,,"[124,265,266]",[],[],,
60763518f66fcf4a,curated_candidate,methodology_pilot,region,franks_tract,Franks Tract,newgreen,New Green Watershed,strongest_fresher,mean,fresher,persistent_condition,2020-10-01,2020-11-29,60,60,,,874.41,1142.895,-268.484,-23.394,-219.142,-361.585,,,1,1,absolute+percent,11,false,,7,7,1,[object Object],[object Object],[object Object],,,,,,,,,,,,,"[263,265,270,274,276,281,282,283,285,291,292]",[],"[113,115,119,120,121,124,127,129,132,133,134,136,257,259,260,261,262,264,266,267,269,271,273,275,277,293,294,296,300,301,305,307,309,315]",,
6417d15f1393e8ce,curated_candidate,cluster_discovery_scan,cluster,Franks Tract,Franks Tract,newgreen,New Green Watershed,strongest_fresher,mean,fresher,persistent_condition,2020-10-01,2020-11-29,60,60,60,100,848.355,1098.118,-249.763,-22.632,-284.255,-266.777,,,1,1,absolute+percent,8,false,,7,7,1,[object Object],[object Object],[object Object],true,,,,,,,,,,,,"[270,274,276,281,282,283,285,292]",[],[],,
10c4e57b93ada133,curated_candidate,cluster_discovery_scan,cluster,Grizzly Bay,Grizzly Bay,newgreen,New Green Watershed,strongest_saltier,mean,saltier,persistent_condition,2019-10-01,2020-09-30,366,323,366,88.25,12614.288,12133.662,480.626,3.962,758.825,97.349,,,0.8372,1,absolute+percent,5,false,,7,7,1,[object Object],[object Object],[object Object],true,,,,,,,,,,,,"[63,64,67,72,73]",[],[],,
ca7515da7e0c7a54,curated_candidate,cluster_discovery_scan,cluster,Holland Cut–Bacon Island,Holland Cut–Bacon Island,newgreen,New Green Watershed,strongest_fresher,mean,fresher,persistent_condition,2020-10-01,2020-11-29,60,60,60,100,632.705,921.444,-288.739,-31.278,-288.423,-301.815,,,1,1,absolute+percent,4,false,,7,7,1,[object Object],[object Object],[object Object],true,,,,,,,,,,,,"[286,295,296,298]",[],[],,
c4aac5afd678f8ab,curated_candidate,cluster_discovery_scan,cluster,Holland Tract–Quimby/Youngs Slough,Holland Tract–Quimby/Youngs Slough,newgreen,New Green Watershed,strongest_fresher,mean,fresher,persistent_condition,2020-10-01,2020-11-29,60,60,60,100,646.518,896.021,-249.503,-27.769,-323.057,-322.311,,,1,1,absolute+percent,5,false,,7,7,1,[object Object],[object Object],[object Object],true,,,,,,,,,,,,"[291,293,294,300,305]",[],[],,
eb7b1436e44b452b,curated_candidate,cluster_discovery_scan,cluster,Lower Sacramento River at Collinsville,Lower Sacramento River at Collinsville,newgreen,New Green Watershed,strongest_fresher,mean,fresher,episode,2018-10-07,2019-01-20,106,106,,,7326.152,7768.196,-442.044,-6.364,-594.921,-605.857,-456.715,-793.012,0.9906,1,absolute+percent,5,false,,7,7,1,[object Object],,,,,,,,,,,,,,,"[82,85,88,89,90]",[],[],,
f94d2898220549b2,curated_candidate,methodology_pilot,region,montezuma_slough,Montezuma Slough,newgreen,New Green Watershed,strongest_saltier,mean,saltier,persistent_condition,2018-10-01,2019-09-30,365,365,,,5335.983,3932.79,1403.193,87.727,1999.701,969.834,,,0.9984,1,absolute+percent,7,false,,7,7,1,[object Object],[object Object],[object Object],,,,,,,,,,,,,"[62,65,74,78,81,83,86]",[],"[52,55,56,57,59,60,63,66,67,68,72,84,87]",,
72086123d7625321,curated_candidate,cluster_discovery_scan,cluster,Montezuma Slough–eastern Suisun Marsh,Montezuma Slough–eastern Suisun Marsh,newgreen,New Green Watershed,strongest_saltier,mean,saltier,persistent_condition,2018-10-01,2019-09-30,365,365,365,100,4888.929,3598.853,1290.076,89.982,1381.172,987.504,,,0.9988,1,absolute+percent,9,false,,7,7,1,[object Object],[object Object],[object Object],true,,,,,,,,,,,,"[62,65,74,78,81,83,84,86,87]",[],[],,
dda90c6316285e43,curated_candidate,cluster_discovery_scan,cluster,Old River–Fay/Woodward/Byron reach,Old River–Fay/Woodward/Byron reach,newgreen,New Green Watershed,strongest_fresher,mean,fresher,persistent_condition,2020-10-01,2020-11-29,60,60,60,100,569.207,747.488,-178.281,-23.755,-199.662,-237.641,,,1,1,absolute+percent,7,false,,7,7,1,[object Object],[object Object],[object Object],true,,,,,,,,,,,,"[297,299,302,303,304,306,356]",[],[],,
bc47b21ed37522be,curated_candidate,cluster_discovery_scan,cluster,Pittsburg–Antioch Confluence Reach,Pittsburg–Antioch Confluence Reach,newgreen,New Green Watershed,strongest_fresher,mean,fresher,episode,2018-10-07,2019-01-19,105,105,,,4427.003,4834.588,-407.585,-9.586,-441.87,-487.918,-420.343,-674.84,1,1,absolute+percent,3,false,,7,7,1,[object Object],,,,,,,,,,,,,,,"[93,94,97]",[],[],,
719780ef6e373e44,curated_candidate,cluster_discovery_scan,cluster,Rock Slough–Sand Mound/Summer Lake,Rock Slough–Sand Mound/Summer Lake,newgreen,New Green Watershed,strongest_fresher,mean,fresher,persistent_condition,2020-10-01,2020-11-29,60,60,60,100,692.397,963.171,-270.774,-28.072,-264.519,-287.548,,,1,1,absolute+percent,4,false,,7,7,1,[object Object],[object Object],[object Object],true,,,,,,,,,,,,"[268,272,273,275]",[],[],,
8deb6f74bfda230a,curated_candidate,cluster_discovery_scan,cluster,Sacramento River–Sherman Island,Sacramento River–Sherman Island,newgreen,New Green Watershed,strongest_fresher,mean,fresher,episode,2018-10-07,2019-01-15,101,101,,,837.133,1024.761,-187.628,-18.717,-174.528,-287.977,-192.135,-320.958,1,1,absolute+percent,5,false,,7,7,1,[object Object],,,,,,,,,,,,,,,"[102,104,109,110,111]",[],[],,
0660bcca64548493,curated_candidate,cluster_discovery_scan,cluster,San Joaquin River–Antioch Reach,San Joaquin River–Antioch Reach,newgreen,New Green Watershed,strongest_fresher,mean,fresher,episode,2018-10-07,2019-01-21,107,107,,,2946.511,3400.987,-454.477,-13.457,-450.814,-552.545,-467.25,-688.496,1,1,absolute+percent,6,false,,7,7,1,[object Object],,,,,,,,,,,,,,,"[92,95,96,98,101,103]",[],[],,
578c8237c2f6ffe0,curated_candidate,cluster_discovery_scan,cluster,Sherman Lake and Sherman Island,Sherman Lake and Sherman Island,newgreen,New Green Watershed,strongest_fresher,mean,fresher,episode,2018-10-07,2019-01-27,113,113,,,2098.62,2545.806,-447.186,-18.485,-447.186,-502.109,-460.214,-693.441,1,1,absolute+percent,2,true,"TWO-STATION CLUSTER: station agreement below reflects whether one or both of the two stations support the direction, not broad regional evidence.",7,7,1,[object Object],,,,,,,,,,,,,,,"[99,100]",[],[],,
99b8f42337b8d8f7,curated_candidate,cluster_discovery_scan,cluster,Suisun Bay,Suisun Bay,newgreen,New Green Watershed,strongest_fresher,mean,fresher,episode,2018-10-07,2019-01-08,94,94,,,17533.408,18083.719,-550.311,-3.149,-625.352,-441.574,-574.655,-979.916,0.984,1,absolute,10,false,,7,7,1,[object Object],,,,,,,,,,,,,,,"[53,58,61,69,70,75,76,77,79,80]",[],[],,
287d804a4cde6e45,curated_candidate,expanded_region_pilot,region,ngw_component_003,Suisun Marsh,newgreen,New Green Watershed,strongest_saltier,mean,saltier,persistent_condition,2019-10-01,2020-09-30,366,357,366,97.54,7730.638,6406.91,1323.727,23.056,3022.518,185.348,,,0.6699,1,absolute+percent,29,false,,7,7,1,[object Object],[object Object],[object Object],true,,,,,,,,,,,,"[52,54,55,56,57,59,60,62,65,66,68,71,74,78,81,83,84,86,87]","[75,89,92,94,95,97,98,100,101,103]","[73,77,88,90,91,93]",,
eaab7203452d59e2,curated_candidate,cluster_discovery_scan,cluster,Taylor Slough–Piper Slough,Taylor Slough–Piper Slough,newgreen,New Green Watershed,strongest_fresher,mean,fresher,persistent_condition,2020-10-01,2020-11-29,60,60,60,100,1196.976,1404.053,-207.077,-14.705,-201.123,-161.888,,,1,1,absolute+percent,3,false,,7,7,1,[object Object],[object Object],[object Object],true,,,,,,,,,,,,"[261,263,264]",[],[],,
f5e3ed138194ca4a,curated_candidate,cluster_discovery_scan,cluster,Three Mile Slough–Twitchell/False River,Three Mile Slough–Twitchell/False River,newgreen,New Green Watershed,strongest_fresher,mean,fresher,episode,2018-10-07,2019-01-23,109,109,,,845.05,996.166,-151.116,-14.805,-107.837,-215.082,-154.371,-254.964,1,1,absolute+percent,7,false,,7,7,1,[object Object],,,,,,,,,,,,,,,"[113,115,116,117,119,120,121]",[],[],,
2b379cbbce36d1d9,curated_candidate,cluster_discovery_scan,cluster,Western Suisun Marsh sloughs,Western Suisun Marsh sloughs,newgreen,New Green Watershed,strongest_saltier,mean,saltier,persistent_condition,2018-10-01,2019-09-30,365,365,365,100,6836.186,5077.941,1758.245,58.047,1746.501,2047.378,,,0.9956,1,absolute+percent,5,false,,7,7,1,[object Object],[object Object],[object Object],true,,,,,,,,,,,,"[57,60,66,68,71]",[],[],,
cff45d014839f089,curated_candidate,expanded_region_pilot,region,bf_freshwater_pathway,B&F Freshwater Pathway,reserve,Calling on Reserves,threshold_consequence,mean,,,,,,,365,23.836,,,,,,,,,,,,14,false,,,,,,,,,1000,87,0,87,87,0,water_year,WY2019,exploratory EC screening threshold,0,57,,,,,
d8fa6907485f3efb,curated_candidate,expanded_region_pilot,region,bf_freshwater_pathway,B&F Freshwater Pathway,reserve,Calling on Reserves,strongest_saltier,mean,saltier,episode,2018-10-07,2019-02-03,120,120,,,992.094,644.705,347.389,51.877,347.072,444.109,357.144,527.957,0.9976,1,absolute+percent,14,false,,7,7,1,[object Object],,,,,,,,,,,,,,,"[132,291,292,293,294,296,297,298,302,303,304,355,356,357]",[],[295],,
55bf7e6259409cf9,curated_candidate,expanded_region_pilot,region,bf_freshwater_pathway,B&F Freshwater Pathway,reserve,Calling on Reserves,strongest_fresher,mean,fresher,episode,2020-08-18,2020-09-21,35,35,,,608.84,794.997,-186.157,-22.684,-194.581,-234.152,-187.502,-297.04,0.951,1,absolute+percent,14,false,,7,7,1,[object Object],,,,,,,,,,,,,,,"[132,291,292,293,294,296,297,298,302,303,304,355,356,357]",[],[295],,
b9eb2d434720e9fa,curated_candidate,cluster_discovery_scan,cluster,Banks/Jones export intake reach,Banks/Jones export intake reach,reserve,Calling on Reserves,threshold_consequence,mean,,,,,,,365,30.685,,,,,,,,,,,,3,false,,,,,,,,,700,78,34,112,78,0,water_year,WY2019,exploratory EC screening threshold,30,71,,,,,
a3b4fb985ad1140b,curated_candidate,cluster_discovery_scan,cluster,Banks/Jones export intake reach,Banks/Jones export intake reach,reserve,Calling on Reserves,strongest_saltier,mean,saltier,episode,2018-10-07,2019-02-06,123,123,,,815.359,617.506,197.852,34.265,205.704,192.569,203.752,303.167,0.9919,1,absolute+percent,3,false,,7,7,1,[object Object],,,,,,,,,,,,,,,"[358,362,363]",[],[],,
980b3deb4c1b738e,curated_candidate,cluster_discovery_scan,cluster,Banks/Jones export intake reach,Banks/Jones export intake reach,reserve,Calling on Reserves,strongest_fresher,mean,fresher,episode,2020-08-23,2020-09-25,34,34,,,508.545,637.179,-128.634,-19.812,-131.653,-131.89,-129.266,-194.679,1,1,absolute+percent,3,false,,7,7,1,[object Object],,,,,,,,,,,,,,,"[358,362,363]",[],[],,
7148b02e1dfa250f,curated_candidate,cluster_discovery_scan,cluster,Beaver Slough,Beaver Slough,reserve,Calling on Reserves,threshold_consequence,mean,,,,,,,31,6.452,,,,,,,,,,,,3,false,,,,,,,,,450,1,1,2,1,0,calendar_month,2019-01,exploratory EC screening threshold,1,2,,,,,
40742a414f80cc3b,curated_candidate,cluster_discovery_scan,cluster,Bethany–Old River reach,Bethany–Old River reach,reserve,Calling on Reserves,threshold_consequence,mean,,,,,,,365,29.589,,,,,,,,,,,,5,false,,,,,,,,,700,46,62,108,47,1,water_year,WY2019,exploratory EC screening threshold,57,74,,,,,
1fde9acbd06c4e73,curated_candidate,cluster_discovery_scan,cluster,Bethany–Old River reach,Bethany–Old River reach,reserve,Calling on Reserves,strongest_saltier,mean,saltier,episode,2018-10-07,2019-01-17,103,103,,,788.094,639.026,149.068,28.19,142.96,146.212,155.922,285.3,0.9379,1,absolute+percent,5,false,,7,7,1,[object Object],,,,,,,,,,,,,,,"[364,366,368,369,373]",[],[],,
773c4661d4fc37ac,curated_candidate,cluster_discovery_scan,cluster,Bethany–Old River reach,Bethany–Old River reach,reserve,Calling on Reserves,strongest_fresher,mean,fresher,episode,2020-08-23,2020-09-29,38,38,,,559.403,654.178,-94.775,-14.534,-95.677,-99.925,-95.372,-125.672,1,1,absolute+percent,5,false,,7,7,1,[object Object],,,,,,,,,,,,,,,"[364,366,368,369,373]",[],[],,
1387c6897b8c3d51,curated_candidate,cluster_discovery_scan,cluster,Bethel Island–Delta Coves/Sand Mound,Bethel Island–Delta Coves/Sand Mound,reserve,Calling on Reserves,threshold_consequence,mean,,,,,,,366,41.53,,,,,,,,,,,,4,false,,,,,,,,,450,57,95,152,57,0,water_year,WY2020,exploratory EC screening threshold,79,91,,,,,
5467b2a3f2f0a13a,curated_candidate,cluster_discovery_scan,cluster,Bethel Island–Delta Coves/Sand Mound,Bethel Island–Delta Coves/Sand Mound,reserve,Calling on Reserves,strongest_saltier,mean,saltier,episode,2018-10-07,2019-02-11,128,128,,,1504.315,977.015,527.3,50.402,508.292,624.754,540.401,740.472,0.9844,1,absolute+percent,4,false,,7,7,1,[object Object],,,,,,,,,,,,,,,"[267,269,271,277]",[],[],,
d94416be2275f83b,curated_candidate,cluster_discovery_scan,cluster,Bethel Island–Delta Coves/Sand Mound,Bethel Island–Delta Coves/Sand Mound,reserve,Calling on Reserves,strongest_fresher,mean,fresher,episode,2020-08-17,2020-09-22,37,37,,,975.791,1231.787,-255.996,-20.332,-279.856,-294.438,-257.704,-407.655,0.9324,1,absolute+percent,4,false,,7,7,1,[object Object],,,,,,,,,,,,,,,"[267,269,271,277]",[],[],,
8bbc11456beb9f7d,curated_candidate,cluster_discovery_scan,cluster,Big Break,Big Break,reserve,Calling on Reserves,threshold_consequence,mean,,,,,,,366,67.76,,,,,,,,,,,,4,false,,,,,,,,,450,79,169,248,103,24,water_year,WY2020,exploratory EC screening threshold,104,119,,,,,
ce0799a1d5f70fed,curated_candidate,cluster_discovery_scan,cluster,Big Break,Big Break,reserve,Calling on Reserves,strongest_saltier,mean,saltier,episode,2018-10-07,2019-01-09,95,95,,,2368.569,1532.902,835.667,55.687,835.328,931.064,874.614,1251.612,0.9763,1,absolute+percent,4,false,,7,7,1,[object Object],,,,,,,,,,,,,,,"[106,107,108,112]",[],[],,
56b18e2f4198b2fb,curated_candidate,cluster_discovery_scan,cluster,Big Break,Big Break,reserve,Calling on Reserves,strongest_fresher,mean,fresher,episode,2020-08-06,2020-09-13,39,39,,,1392.978,1777.67,-384.692,-20.569,-387.228,-422.474,-386.87,-696.792,0.9487,1,absolute+percent,4,false,,7,7,1,[object Object],,,,,,,,,,,,,,,"[106,107,108,112]",[],[],,
75be4e393721e011,curated_candidate,cluster_discovery_scan,cluster,Brannan–Andrus Island junction,Brannan–Andrus Island junction,reserve,Calling on Reserves,threshold_consequence,mean,,,,,,,365,26.849,,,,,,,,,,,,4,false,,,,,,,,,450,56,42,98,56,0,water_year,WY2019,exploratory EC screening threshold,21,98,,,,,
a63fd2bf04edff57,curated_candidate,cluster_discovery_scan,cluster,Brannan–Andrus Island junction,Brannan–Andrus Island junction,reserve,Calling on Reserves,strongest_saltier,mean,saltier,episode,2018-10-07,2019-01-07,93,93,,,665.654,433.837,231.818,53.681,224.93,436.485,238.406,359.093,0.9624,1,absolute+percent,4,false,,7,7,1,[object Object],,,,,,,,,,,,,,,"[127,129,133,134]",[],[],,
9d5cbdc4b7f892fa,curated_candidate,cluster_discovery_scan,cluster,Brannan–Andrus Island junction,Brannan–Andrus Island junction,reserve,Calling on Reserves,strongest_fresher,mean,fresher,episode,2020-08-14,2020-09-11,29,29,,,333.775,436.67,-102.895,-22.558,-91.246,-223.808,-103.847,-184.346,0.9224,1,absolute+percent,4,false,,7,7,1,[object Object],,,,,,,,,,,,,,,"[127,129,133,134]",[],[],,
ab632053e5731d4a,curated_candidate,cluster_discovery_scan,cluster,Cache Slough–Ulatis/Haas/Lookout Slough,Cache Slough–Ulatis/Haas/Lookout Slough,reserve,Calling on Reserves,strongest_fresher,mean,fresher,episode,2019-01-29,2019-03-01,32,32,,,282.691,367.204,-84.513,-22.195,-54.783,-60.15,-87.308,-137.293,0.9777,1,absolute+percent,7,false,,7,7,1,[object Object],,,,,,,,,,,,,,,"[143,144,146,147,148,149,150]",[],[],,
3108c067c2c5eb28,curated_candidate,cluster_discovery_scan,cluster,Calhoun–Lindsey Slough/Hastings Tract,Calhoun–Lindsey Slough/Hastings Tract,reserve,Calling on Reserves,strongest_saltier,mean,saltier,episode,2019-01-07,2019-01-28,22,22,,,322.83,247.131,75.699,30.841,77.68,82.174,76.29,121.227,0.9659,1,absolute+percent,4,false,,7,7,1,[object Object],,,,,,,,,,,,,,,"[140,141,142,145]",[],[],,
6bbc96c4e3011523,curated_candidate,cluster_discovery_scan,cluster,Calhoun–Lindsey Slough/Hastings Tract,Calhoun–Lindsey Slough/Hastings Tract,reserve,Calling on Reserves,strongest_fresher,mean,fresher,episode,2019-02-04,2019-07-19,166,166,,,158.192,245.044,-86.852,-32.007,-87.434,-90.523,-87.234,-177.849,1,1,absolute+percent,4,false,,7,7,1,[object Object],,,,,,,,,,,,,,,"[140,141,142,145]",[],[],,
ee642b21e9ce4f26,curated_candidate,cluster_discovery_scan,cluster,Carquinez Strait,Carquinez Strait,reserve,Calling on Reserves,threshold_consequence,mean,,,,,,,30,100,,,,,,,,,,,,5,false,,,,,,,,,12500,24,6,30,24,0,calendar_month,2019-06,exploratory EC screening threshold,4,30,,,,,
29ab8f5c93e83e27,curated_candidate,cluster_discovery_scan,cluster,Carquinez Strait,Carquinez Strait,reserve,Calling on Reserves,strongest_fresher,mean,fresher,episode,2019-01-04,2019-01-25,22,22,,,16705.163,21935.881,-5230.717,-20.179,-5412.139,-4840.243,-5479.498,-8552.578,1,1,absolute+percent,5,false,,7,7,1,[object Object],,,,,,,,,,,,,,,"[40,42,47,48,50]",[],[],,
c718311911a775e1,curated_candidate,cluster_discovery_scan,cluster,Carquinez Strait,Carquinez Strait,reserve,Calling on Reserves,strongest_saltier,mean,saltier,episode,2019-07-31,2019-12-15,138,138,,,29438.638,23796.722,5641.916,24.466,5788.672,4987.357,5644.486,8513.333,0.9986,1,absolute+percent,5,false,,7,7,1,[object Object],,,,,,,,,,,,,,,"[40,42,47,48,50]",[],[],,
5f0d6b575a18f05c,curated_candidate,cluster_discovery_scan,cluster,Clifton Court–Old River/Victoria Canal,Clifton Court–Old River/Victoria Canal,reserve,Calling on Reserves,threshold_consequence,mean,,,,,,,365,32.055,,,,,,,,,,,,9,false,,,,,,,,,700,110,7,117,110,0,water_year,WY2019,exploratory EC screening threshold,4,117,,,,,
4ef2f4b68bfedeaa,curated_candidate,cluster_discovery_scan,cluster,Clifton Court–Old River/Victoria Canal,Clifton Court–Old River/Victoria Canal,reserve,Calling on Reserves,strongest_saltier,mean,saltier,episode,2018-10-07,2019-02-05,122,122,,,846.019,595.875,250.144,42.381,286.647,264.372,254.457,381.569,0.9973,1,absolute+percent,9,false,,7,7,1,[object Object],,,,,,,,,,,,,,,"[284,288,310,313,355,357,359,360,365]",[],[],,
77bcb3caa16dbf08,curated_candidate,cluster_discovery_scan,cluster,Clifton Court–Old River/Victoria Canal,Clifton Court–Old River/Victoria Canal,reserve,Calling on Reserves,strongest_fresher,mean,fresher,episode,2020-08-25,2020-09-26,33,33,,,491.729,625.863,-134.134,-21.142,-154.145,-194.623,-135.224,-193.389,0.9798,1,absolute+percent,9,false,,7,7,1,[object Object],,,,,,,,,,,,,,,"[284,288,310,313,355,357,359,360,365]",[],[],,
a0ff48bbd78d5cc1,curated_candidate,cluster_discovery_scan,cluster,Cordelia–Goodyear/Suisun Sloughs,Cordelia–Goodyear/Suisun Sloughs,reserve,Calling on Reserves,threshold_consequence,mean,,,,,,,366,54.918,,,,,,,,,,,,5,false,,,,,,,,,12500,76,125,201,76,0,water_year,WY2020,exploratory EC screening threshold,105,119,,,,,
de98bbf6ee65088e,curated_candidate,cluster_discovery_scan,cluster,Cordelia–Goodyear/Suisun Sloughs,Cordelia–Goodyear/Suisun Sloughs,reserve,Calling on Reserves,strongest_saltier,mean,saltier,episode,2019-08-04,2019-12-20,139,139,,,15402.08,9665.598,5736.483,61.886,5681.904,6135.854,5742.31,8500.856,0.9799,1,absolute+percent,5,false,,7,7,1,[object Object],,,,,,,,,,,,,,,"[52,54,55,56,59]",[],[],,
f3d1887f71b5e54e,curated_candidate,cluster_discovery_scan,cluster,Cordelia–Goodyear/Suisun Sloughs,Cordelia–Goodyear/Suisun Sloughs,reserve,Calling on Reserves,strongest_fresher,mean,fresher,episode,2019-12-24,2020-01-27,35,35,,,7850.444,10568.172,-2717.728,-25.37,-2653.869,-3203.675,-2849.156,-4226.536,0.92,1,absolute+percent,5,false,,7,7,1,[object Object],,,,,,,,,,,,,,,"[52,54,55,56,59]",[],[],,
7b99577ee8b9f4f2,curated_candidate,cluster_discovery_scan,cluster,Disappointment–Fourteen Mile Slough,Disappointment–Fourteen Mile Slough,reserve,Calling on Reserves,threshold_consequence,mean,,,,,,,365,15.068,,,,,,,,,,,,6,false,,,,,,,,,450,15,40,55,15,0,water_year,WY2019,exploratory EC screening threshold,39,55,,,,,
deabc47ddf56c749,curated_candidate,cluster_discovery_scan,cluster,Disappointment–Fourteen Mile Slough,Disappointment–Fourteen Mile Slough,reserve,Calling on Reserves,strongest_saltier,mean,saltier,episode,2019-03-06,2019-03-25,20,20,,,336.943,283.889,53.054,18.331,61.794,89.581,56.781,77.889,0.7333,1,absolute+percent,6,false,,7,7,1,[object Object],,,,,,,,,,,,,,,"[337,340,341,342,345]",[330],[],,
807fc8035f77e131,curated_candidate,cluster_discovery_scan,cluster,Discovery Bay–Indian Slough,Discovery Bay–Indian Slough,reserve,Calling on Reserves,threshold_consequence,mean,,,,,,,365,30.685,,,,,,,,,,,,5,false,,,,,,,,,1000,112,0,112,112,0,water_year,WY2019,exploratory EC screening threshold,0,112,,,,,
5b4a5928e88ab5e7,curated_candidate,cluster_discovery_scan,cluster,Discovery Bay–Indian Slough,Discovery Bay–Indian Slough,reserve,Calling on Reserves,strongest_saltier,mean,saltier,episode,2018-10-07,2019-02-13,130,130,,,1094.824,710.055,384.769,52.724,377.294,425.318,391.065,540.313,0.9923,1,absolute+percent,5,false,,7,7,1,[object Object],,,,,,,,,,,,,,,"[278,279,280,289,290]",[],[],,
c12319e3fceba3a7,curated_candidate,cluster_discovery_scan,cluster,Discovery Bay–Indian Slough,Discovery Bay–Indian Slough,reserve,Calling on Reserves,strongest_fresher,mean,fresher,episode,2020-08-23,2020-09-28,37,37,,,663.197,845.366,-182.169,-21.345,-189.609,-196.567,-184.315,-263.519,0.9784,1,absolute+percent,5,false,,7,7,1,[object Object],,,,,,,,,,,,,,,"[278,279,280,289,290]",[],[],,
55ed49bd730f07a1,curated_candidate,cluster_discovery_scan,cluster,Dutch Slough–Big Break,Dutch Slough–Big Break,reserve,Calling on Reserves,threshold_consequence,mean,,,,,,,366,59.836,,,,,,,,,,,,5,false,,,,,,,,,450,91,128,219,99,8,water_year,WY2020,exploratory EC screening threshold,87,102,,,,,
0fff8cea424ddef4,curated_candidate,cluster_discovery_scan,cluster,Dutch Slough–Big Break,Dutch Slough–Big Break,reserve,Calling on Reserves,strongest_saltier,mean,saltier,episode,2018-10-07,2019-02-10,127,127,,,1681.739,1090.929,590.81,50.172,583.008,609.772,608.838,866.609,0.9969,1,absolute+percent,5,false,,7,7,1,[object Object],,,,,,,,,,,,,,,"[257,258,259,260,262]",[],[],,
7d636699043dc1c0,curated_candidate,cluster_discovery_scan,cluster,Dutch Slough–Big Break,Dutch Slough–Big Break,reserve,Calling on Reserves,strongest_fresher,mean,fresher,episode,2020-08-15,2020-09-22,39,39,,,1139.213,1436.89,-297.677,-20.07,-308.676,-328.551,-303.07,-503.366,0.9385,1,absolute+percent,5,false,,7,7,1,[object Object],,,,,,,,,,,,,,,"[257,258,259,260,262]",[],[],,
cafe2a8ed4ed2508,curated_candidate,cluster_discovery_scan,cluster,Empire Cut–Whiskey Slough,Empire Cut–Whiskey Slough,reserve,Calling on Reserves,threshold_consequence,mean,,,,,,,60,66.667,,,,,,,,,,,,2,true,"TWO-STATION CLUSTER: station agreement below reflects whether one or both of the two stations support the direction, not broad regional evidence.",,,,,,,,450,30,10,40,30,0,water_year,WY2021,exploratory EC screening threshold,10,40,,,,,
e5862bec27793f5d,curated_candidate,cluster_discovery_scan,cluster,Empire Cut–Whiskey Slough,Empire Cut–Whiskey Slough,reserve,Calling on Reserves,strongest_saltier,mean,saltier,episode,2018-12-23,2019-01-22,31,31,,,672.204,588.752,83.453,14.699,83.453,96.123,84.871,107.666,1,1,absolute+percent,2,true,"TWO-STATION CLUSTER: station agreement below reflects whether one or both of the two stations support the direction, not broad regional evidence.",7,7,1,[object Object],,,,,,,,,,,,,,,"[323,335]",[],[],,
51bfc54ffefd2c86,curated_candidate,cluster_discovery_scan,cluster,Fisherman's Cut–Piper Slough,Fisherman's Cut–Piper Slough,reserve,Calling on Reserves,threshold_consequence,mean,,,,,,,365,26.301,,,,,,,,,,,,3,false,,,,,,,,,1000,48,48,96,48,0,water_year,WY2019,exploratory EC screening threshold,25,96,,,,,
9ccadb1b32b81d60,curated_candidate,cluster_discovery_scan,cluster,Fisherman's Cut–Piper Slough,Fisherman's Cut–Piper Slough,reserve,Calling on Reserves,strongest_saltier,mean,saltier,episode,2018-10-07,2019-01-10,96,96,,,1671.316,1052.242,619.074,59.61,655.966,666.964,643.994,827.333,0.9861,1,absolute+percent,3,false,,7,7,1,[object Object],,,,,,,,,,,,,,,"[124,265,266]",[],[],,
51f7e84abd3ebf65,curated_candidate,cluster_discovery_scan,cluster,Fisherman's Cut–Piper Slough,Fisherman's Cut–Piper Slough,reserve,Calling on Reserves,strongest_fresher,mean,fresher,episode,2020-08-09,2020-09-14,37,37,,,855.349,1131.116,-275.767,-23.054,-257.597,-320.794,-280.466,-518.835,0.982,1,absolute+percent,3,false,,7,7,1,[object Object],,,,,,,,,,,,,,,"[124,265,266]",[],[],,
7bf4cc7460f0055b,curated_candidate,methodology_pilot,region,franks_tract,Franks Tract,reserve,Calling on Reserves,threshold_consequence,mean,,,,,,,365,26.575,,,,,,,,,,,,11,false,,,,,,,,,1000,74,23,97,74,0,water_year,WY2019,exploratory EC screening threshold,23,97,,,,,
294c7b15fc6e44a6,curated_candidate,cluster_discovery_scan,cluster,Franks Tract,Franks Tract,reserve,Calling on Reserves,threshold_consequence,mean,,,,,,,365,26.575,,,,,,,,,,,,8,false,,,,,,,,,1000,76,21,97,76,0,water_year,WY2019,exploratory EC screening threshold,21,97,,,,,
0e2747ec725e65b1,curated_candidate,cluster_discovery_scan,cluster,Franks Tract,Franks Tract,reserve,Calling on Reserves,strongest_saltier,mean,saltier,episode,2018-10-07,2019-01-19,105,105,,,1367.243,866.785,500.458,56.924,511.72,595.415,517.247,674.799,0.9988,1,absolute+percent,8,false,,7,7,1,[object Object],,,,,,,,,,,,,,,"[270,274,276,281,282,283,285,292]",[],[],,
c2851f75a52741e1,curated_candidate,methodology_pilot,region,franks_tract,Franks Tract,reserve,Calling on Reserves,strongest_fresher,mean,fresher,episode,2020-08-12,2020-09-17,37,37,,,797.728,1054.23,-256.502,-23.053,-261.452,-297.074,,,0.9877,1,absolute+percent,11,false,,7,7,1,,,,,,,,,,,,,,,,"[263,265,270,274,276,281,282,283,285,291,292]",[],"[113,115,119,120,121,124,127,129,132,133,134,136,257,259,260,261,262,264,266,267,269,271,273,275,277,293,294,296,300,301,305,307,309,315]",,
f980624b2026d5c2,curated_candidate,cluster_discovery_scan,cluster,Franks Tract,Franks Tract,reserve,Calling on Reserves,strongest_fresher,mean,fresher,episode,2020-08-13,2020-09-17,36,36,,,796.913,1047.293,-250.38,-22.925,-264.278,-286.022,-253.047,-430.074,0.9618,1,absolute+percent,8,false,,7,7,1,[object Object],,,,,,,,,,,,,,,"[270,274,276,281,282,283,285,292]",[],[],,
c00d6ae345105487,curated_candidate,methodology_pilot,region,franks_tract,Franks Tract,reserve,Calling on Reserves,strongest_saltier,mean,saltier,persistent_condition,2020-10-01,2020-11-29,60,60,,,1571.138,1142.895,428.243,37.673,416.629,545.093,,,1,1,absolute+percent,11,false,,7,7,1,[object Object],[object Object],[object Object],,,,,,,,,,,,,"[263,265,270,274,276,281,282,283,285,291,292]",[],"[113,115,119,120,121,124,127,129,132,133,134,136,257,259,260,261,262,264,266,267,269,271,273,275,277,293,294,296,300,301,305,307,309,315]",,
c81b30824528fd91,curated_candidate,cluster_discovery_scan,cluster,Grant Line Canal,Grant Line Canal,reserve,Calling on Reserves,threshold_consequence,mean,,,,,,,366,53.825,,,,,,,,,,,,4,false,,,,,,,,,450,12,185,197,12,0,water_year,WY2020,exploratory EC screening threshold,53,54,,,,,
dd0b45ae70e38ece,curated_candidate,cluster_discovery_scan,cluster,Grant Line Canal,Grant Line Canal,reserve,Calling on Reserves,strongest_saltier,mean,saltier,episode,2020-07-18,2020-08-09,23,23,,,378.988,294.379,84.609,33.394,86.648,87.881,85.129,149.637,1,1,absolute+percent,4,false,,7,7,1,[object Object],,,,,,,,,,,,,,,"[367,374,378,380]",[],[],,
bb20ea546929c39e,curated_candidate,cluster_discovery_scan,cluster,Grizzly Bay,Grizzly Bay,reserve,Calling on Reserves,threshold_consequence,mean,,,,,,,366,87.158,,,,,,,,,,,,5,false,,,,,,,,,11000,141,178,319,144,3,water_year,WY2020,exploratory EC screening threshold,128,179,,,,,
bfb74b3e248e4adf,curated_candidate,cluster_discovery_scan,cluster,Grizzly Bay,Grizzly Bay,reserve,Calling on Reserves,strongest_saltier,mean,saltier,episode,2019-08-02,2019-12-16,137,137,,,15059.298,9182.738,5876.561,69.653,5944.924,6198.582,5880.779,9259.967,0.9927,1,absolute+percent,5,false,,7,7,1,[object Object],,,,,,,,,,,,,,,"[63,64,67,72,73]",[],[],,
1c9bd6965e44ec25,curated_candidate,cluster_discovery_scan,cluster,Grizzly Bay,Grizzly Bay,reserve,Calling on Reserves,strongest_fresher,mean,fresher,episode,2019-12-18,2020-01-24,38,38,,,7000.793,10091.582,-3090.789,-31.042,-3045.555,-3470.777,-3143.71,-5274.526,0.9789,1,absolute+percent,5,false,,7,7,1,[object Object],,,,,,,,,,,,,,,"[63,64,67,72,73]",[],[],,
7b413d3c2051dc53,curated_candidate,cluster_discovery_scan,cluster,Hay Press–Turner Cut/Rindge,Hay Press–Turner Cut/Rindge,reserve,Calling on Reserves,threshold_consequence,mean,,,,,,,60,53.333,,,,,,,,,,,,3,false,,,,,,,,,450,32,0,32,32,0,water_year,WY2021,exploratory EC screening threshold,0,19,,,,,
eb683d8b9c3f8885,curated_candidate,cluster_discovery_scan,cluster,Hay Press–Turner Cut/Rindge,Hay Press–Turner Cut/Rindge,reserve,Calling on Reserves,strongest_saltier,mean,saltier,episode,2019-12-25,2020-01-13,20,20,,,502.44,409.632,92.808,23.309,95.502,96.226,93.578,128.273,1,1,absolute+percent,3,false,,7,7,1,[object Object],,,,,,,,,,,,,,,"[331,333,338]",[],[],,
213622b1880ca45a,curated_candidate,cluster_discovery_scan,cluster,Holland Cut–Bacon Island,Holland Cut–Bacon Island,reserve,Calling on Reserves,threshold_consequence,mean,,,,,,,365,27.397,,,,,,,,,,,,4,false,,,,,,,,,1000,100,0,100,100,0,water_year,WY2019,exploratory EC screening threshold,0,100,,,,,
ec37175e00a9c317,curated_candidate,cluster_discovery_scan,cluster,Holland Cut–Bacon Island,Holland Cut–Bacon Island,reserve,Calling on Reserves,strongest_saltier,mean,saltier,episode,2018-10-07,2019-02-03,120,120,,,1109.411,707.755,401.656,54.216,401.219,407.829,413.389,592.198,1,1,absolute+percent,4,false,,7,7,1,[object Object],,,,,,,,,,,,,,,"[286,295,296,298]",[],[],,
fb3728fc2d587c3e,curated_candidate,cluster_discovery_scan,cluster,Holland Cut–Bacon Island,Holland Cut–Bacon Island,reserve,Calling on Reserves,strongest_fresher,mean,fresher,episode,2020-08-17,2020-09-21,36,36,,,689.53,907.437,-217.907,-23.179,-218.695,-222.193,-219.419,-351.226,0.9861,1,absolute+percent,4,false,,7,7,1,[object Object],,,,,,,,,,,,,,,"[286,295,296,298]",[],[],,
5c71aeabc648cec9,curated_candidate,cluster_discovery_scan,cluster,Holland Tract–Quimby/Youngs Slough,Holland Tract–Quimby/Youngs Slough,reserve,Calling on Reserves,threshold_consequence,mean,,,,,,,365,26.301,,,,,,,,,,,,5,false,,,,,,,,,1000,96,0,96,96,0,water_year,WY2019,exploratory EC screening threshold,0,96,,,,,
8f3abb4705759f96,curated_candidate,cluster_discovery_scan,cluster,Holland Tract–Quimby/Youngs Slough,Holland Tract–Quimby/Youngs Slough,reserve,Calling on Reserves,strongest_saltier,mean,saltier,episode,2018-10-07,2019-02-02,119,119,,,1054.256,679.191,375.065,52.443,413.234,432.098,386.527,585.688,1,1,absolute+percent,5,false,,7,7,1,[object Object],,,,,,,,,,,,,,,"[291,293,294,300,305]",[],[],,
8162fc1e73efe4f9,curated_candidate,cluster_discovery_scan,cluster,Holland Tract–Quimby/Youngs Slough,Holland Tract–Quimby/Youngs Slough,reserve,Calling on Reserves,strongest_fresher,mean,fresher,episode,2020-08-16,2020-09-20,36,36,,,661.573,865.452,-203.879,-22.69,-227.648,-235.89,-206.517,-338.041,0.9778,1,absolute+percent,5,false,,7,7,1,[object Object],,,,,,,,,,,,,,,"[291,293,294,300,305]",[],[],,
ea5cc6cdf941f053,curated_candidate,cluster_discovery_scan,cluster,Liberty Island–Toe Drain/Shag Slough,Liberty Island–Toe Drain/Shag Slough,reserve,Calling on Reserves,threshold_consequence,mean,,,,,,,366,0,,,,,,,,,,,,9,false,,,,,,,,,450,-136,136,0,0,136,water_year,WY2020,exploratory EC screening threshold,136,0,,,,,
ee8f8637ed85ad4d,curated_candidate,cluster_discovery_scan,cluster,Liberty Island–Toe Drain/Shag Slough,Liberty Island–Toe Drain/Shag Slough,reserve,Calling on Reserves,aggregation_disagreement,mean+median+maximum,saltier,,2018-12-18,2019-01-03,17,,,,,,82.24,,171.85,-4.15,,,,,Mean and median agree; the regional-maximum difference behaves differently in direction or magnitude over this period.,9,false,,,,,,,,,,,,,,,,,,,,"[153,160,162,165,166,172,174]","[175,178]",[],,
1047f6a55f7a2c8f,curated_candidate,cluster_discovery_scan,cluster,Liberty Island–Toe Drain/Shag Slough,Liberty Island–Toe Drain/Shag Slough,reserve,Calling on Reserves,strongest_saltier,mean,saltier,episode,2019-04-06,2019-04-24,19,19,,,318.289,194.98,123.309,91.38,108.505,142.413,133.905,190.631,0.9591,1,absolute+percent,9,false,,7,7,1,[object Object],,,,,,,,,,,,,,,"[153,160,162,165,166,172,174,175,178]",[],[],,
3dd7ddb63ca56e62,curated_candidate,cluster_discovery_scan,cluster,Liberty Island–Toe Drain/Shag Slough,Liberty Island–Toe Drain/Shag Slough,reserve,Calling on Reserves,strongest_fresher,mean,fresher,episode,2019-12-03,2020-06-16,197,197,,,179.55,452.576,-273.026,-56.751,-227.999,-463.525,-273.097,-415.071,1,1,absolute+percent,9,false,,7,7,1,[object Object],,,,,,,,,,,,,,,"[153,160,162,165,166,172,174,175,178]",[],[],,
1ae861bd3240e38a,curated_candidate,expanded_region_pilot,region,ngw_component_001,Lindsey-Cache Slough,reserve,Calling on Reserves,strongest_fresher,mean,fresher,episode,2019-12-04,2020-06-01,181,181,,,186.446,277.758,-91.311,-32.361,-37.168,-432.524,-91.377,-129.284,0.9573,1,absolute+percent,34,false,,7,7,1,[object Object],,,,,,,,,,,,,,,"[140,141,142,143,144,145,146,147,148,149,150,151,153,154,155,156,160,161,162,163,164,165,166,167,170,172,174,175,178,179,188,203]","[171,173]","[152,158,159,168,169,187]",,
d1a452fdbc4dee07,curated_candidate,cluster_discovery_scan,cluster,Lower Cache Slough–Liberty/Prospect/Lindsey,Lower Cache Slough–Liberty/Prospect/Lindsey,reserve,Calling on Reserves,strongest_saltier,mean,saltier,episode,2018-12-25,2019-01-22,29,29,,,299.981,214.593,85.388,40.862,84.959,92.354,85.844,163.882,0.9741,1,absolute+percent,4,false,,7,7,1,[object Object],,,,,,,,,,,,,,,"[151,154,155,156]",[],[],,
5c03412df5a326ac,curated_candidate,cluster_discovery_scan,cluster,Lower Cache Slough–Liberty/Prospect/Lindsey,Lower Cache Slough–Liberty/Prospect/Lindsey,reserve,Calling on Reserves,strongest_fresher,mean,fresher,episode,2019-01-29,2019-02-21,24,24,,,174.089,253.793,-79.704,-26.668,-92.709,-43.685,-83.156,-158.247,0.8125,1,absolute+percent,4,false,,7,7,1,[object Object],,,,,,,,,,,,,,,"[151,154,155,156]",[],[],,
21c598a411aaa6d0,curated_candidate,cluster_discovery_scan,cluster,Lower Sacramento River at Collinsville,Lower Sacramento River at Collinsville,reserve,Calling on Reserves,threshold_consequence,mean,,,,,,,365,16.986,,,,,,,,,,,,5,false,,,,,,,,,11000,41,21,62,41,0,water_year,WY2019,exploratory EC screening threshold,19,61,,,,,
5a887ac66806cac0,curated_candidate,cluster_discovery_scan,cluster,Lower Sacramento River at Collinsville,Lower Sacramento River at Collinsville,reserve,Calling on Reserves,strongest_fresher,mean,fresher,episode,2019-01-03,2019-01-23,21,21,,,997.34,2840.939,-1843.599,-47.685,-1945.118,-2545.192,-1881.155,-4372.987,0.981,1,absolute+percent,5,false,,7,7,1,[object Object],,,,,,,,,,,,,,,"[82,85,88,89,90]",[],[],,
8fd648e6193e36a5,curated_candidate,cluster_discovery_scan,cluster,Lower Sacramento River at Collinsville,Lower Sacramento River at Collinsville,reserve,Calling on Reserves,strongest_saltier,mean,saltier,episode,2019-07-31,2019-12-08,131,131,,,5850.653,2590.845,3259.808,167.288,3389.107,4196.465,3262.286,5568.896,0.9939,1,absolute+percent,5,false,,7,7,1,[object Object],,,,,,,,,,,,,,,"[82,85,88,89,90]",[],[],,
780c63a3be337849,curated_candidate,cluster_discovery_scan,cluster,Middle River–Howard Road reach,Middle River–Howard Road reach,reserve,Calling on Reserves,threshold_consequence,mean,,,,,,,365,8.767,,,,,,,,,,,,7,false,,,,,,,,,1000,6,26,32,7,1,water_year,WY2019,exploratory EC screening threshold,15,17,,,,,
fcdeea6fb7c01182,curated_candidate,cluster_discovery_scan,cluster,Middle River–Howard Road reach,Middle River–Howard Road reach,reserve,Calling on Reserves,strongest_saltier,mean,saltier,episode,2020-02-27,2020-03-14,17,17,,,652.15,559.494,92.656,17.417,72.038,166.009,98.979,120.161,0.8907,1,absolute+percent,7,false,,7,7,1,[object Object],,,,,,,,,,,,,,,"[393,396,397,398,400,401,402]",[],[],,
c58c9821b4d90ff0,curated_candidate,cluster_discovery_scan,cluster,Middle River–Mildred/Bacon/Holt,Middle River–Mildred/Bacon/Holt,reserve,Calling on Reserves,threshold_consequence,mean,,,,,,,365,31.781,,,,,,,,,,,,4,false,,,,,,,,,450,64,52,116,64,0,water_year,WY2019,exploratory EC screening threshold,41,116,,,,,
c25137ab62009ece,curated_candidate,cluster_discovery_scan,cluster,Middle River–Mildred/Bacon/Holt,Middle River–Mildred/Bacon/Holt,reserve,Calling on Reserves,strongest_saltier,mean,saltier,episode,2018-10-07,2019-01-23,109,109,,,610.135,425.267,184.869,43.665,186.043,215.645,188.46,346.652,1,1,absolute+percent,4,false,,7,7,1,[object Object],,,,,,,,,,,,,,,"[308,316,317,318]",[],[],,
33bc1b18ce9cf6f5,curated_candidate,cluster_discovery_scan,cluster,Middle River–Mildred/Bacon/Holt,Middle River–Mildred/Bacon/Holt,reserve,Calling on Reserves,strongest_fresher,mean,fresher,episode,2020-08-24,2020-09-21,29,29,,,333.878,425.469,-91.591,-21.123,-91.866,-110.041,-91.527,-132.524,1,1,absolute+percent,4,false,,7,7,1,[object Object],,,,,,,,,,,,,,,"[308,316,317,318]",[],[],,
66e314639d435f0b,curated_candidate,cluster_discovery_scan,cluster,Middle River–Mildred/Woodward,Middle River–Mildred/Woodward,reserve,Calling on Reserves,threshold_consequence,mean,,,,,,,365,31.233,,,,,,,,,,,,4,false,,,,,,,,,450,61,53,114,61,0,water_year,WY2019,exploratory EC screening threshold,43,74,,,,,
ad01225deb33f0f0,curated_candidate,cluster_discovery_scan,cluster,Middle River–Mildred/Woodward,Middle River–Mildred/Woodward,reserve,Calling on Reserves,strongest_saltier,mean,saltier,episode,2018-10-07,2019-01-26,112,112,,,592.061,431.704,160.357,37.53,165.336,168.755,163.062,311.351,1,1,absolute+percent,4,false,,7,7,1,[object Object],,,,,,,,,,,,,,,"[311,312,314,319]",[],[],,
6c0beeef187bf8d5,curated_candidate,cluster_discovery_scan,cluster,Middle River–Mildred/Woodward,Middle River–Mildred/Woodward,reserve,Calling on Reserves,strongest_fresher,mean,fresher,episode,2020-08-29,2020-09-24,27,27,,,328.742,412.192,-83.45,-20.019,-86.389,-90.042,-83.587,-116.82,1,1,absolute+percent,4,false,,7,7,1,[object Object],,,,,,,,,,,,,,,"[311,312,314,319]",[],[],,
8cbd69cc5b27d6cd,curated_candidate,cluster_discovery_scan,cluster,Middle River–Union Point/Tracy Boulevard,Middle River–Union Point/Tracy Boulevard,reserve,Calling on Reserves,threshold_consequence,mean,,,,,,,365,42.192,,,,,,,,,,,,6,false,,,,,,,,,450,67,87,154,67,0,water_year,WY2019,exploratory EC screening threshold,47,144,,,,,
f4682c9923d7e4f4,curated_candidate,cluster_discovery_scan,cluster,Middle River–Union Point/Tracy Boulevard,Middle River–Union Point/Tracy Boulevard,reserve,Calling on Reserves,strongest_saltier,mean,saltier,episode,2018-12-08,2019-01-21,45,45,,,841.502,664.709,176.793,30.239,165.352,149.701,179.943,286.947,0.9593,1,absolute+percent,6,false,,7,7,1,[object Object],,,,,,,,,,,,,,,"[325,326,328,332,375,377]",[],[],,
1fb1d23aebcef07e,curated_candidate,cluster_discovery_scan,cluster,Middle River–Union Point/Tracy Boulevard,Middle River–Union Point/Tracy Boulevard,reserve,Calling on Reserves,strongest_fresher,mean,fresher,episode,2020-09-01,2020-09-24,24,24,,,361.447,442.501,-81.054,-18.191,-78.718,-74.116,-80.874,-109.79,1,1,absolute+percent,6,false,,7,7,1,[object Object],,,,,,,,,,,,,,,"[325,326,328,332,375,377]",[],[],,
0a7ff08487c3c173,curated_candidate,cluster_discovery_scan,cluster,Middle River–Venice/Fern Island,Middle River–Venice/Fern Island,reserve,Calling on Reserves,threshold_consequence,mean,,,,,,,365,14.795,,,,,,,,,,,,4,false,,,,,,,,,450,45,9,54,45,0,water_year,WY2019,exploratory EC screening threshold,5,54,,,,,
88779196601a1b39,curated_candidate,cluster_discovery_scan,cluster,Middle River–Venice/Fern Island,Middle River–Venice/Fern Island,reserve,Calling on Reserves,strongest_saltier,mean,saltier,episode,2018-10-07,2019-01-16,102,102,,,489.713,356.344,133.369,37.435,127.83,194.266,136.314,273.002,1,1,absolute+percent,4,false,,7,7,1,[object Object],,,,,,,,,,,,,,,"[315,321,322,324]",[],[],,
5cfe5d1c89a3ed9c,curated_candidate,cluster_discovery_scan,cluster,Middle River–Venice/Fern Island,Middle River–Venice/Fern Island,reserve,Calling on Reserves,strongest_fresher,mean,fresher,episode,2020-08-26,2020-09-18,24,24,,,271.946,332.027,-60.081,-17.932,-57.785,-96.131,-60.758,-83.502,1,1,absolute+percent,4,false,,7,7,1,[object Object],,,,,,,,,,,,,,,"[315,321,322,324]",[],[],,
989829a9863bf941,curated_candidate,methodology_pilot,region,montezuma_slough,Montezuma Slough,reserve,Calling on Reserves,threshold_consequence,mean,,,,,,,366,49.454,,,,,,,,,,,,7,false,,,,,,,,,8000,77,104,181,77,0,water_year,WY2020,,104,107,,,,,
d96b90a92f9d16ba,curated_candidate,methodology_pilot,region,montezuma_slough,Montezuma Slough,reserve,Calling on Reserves,aggregation_disagreement,mean+median+maximum,saltier,,2019-07-11,2019-07-29,19,,,,,,113.47,,231.22,-141.84,,,,,Mean and median agree; the regional-maximum difference behaves differently in direction or magnitude over this period.,7,false,,,,,,,,,,,,,,,,,,,,"[74,78,81,83,86]","[62,65]","[52,55,56,57,59,60,63,66,67,68,72,84,87]",,
301df19595e47c33,curated_candidate,methodology_pilot,region,montezuma_slough,Montezuma Slough,reserve,Calling on Reserves,strongest_fresher,mean,fresher,episode,2019-12-25,2020-01-24,31,31,,,4255.475,5858.595,-1603.12,-26.117,-1414.467,-2549.836,,,0.9447,1,absolute+percent,7,false,,7,7,1,,,,,,,,,,,,,,,,"[62,65,74,78,81,83,86]",[],"[52,55,56,57,59,60,63,66,67,68,72,84,87]",,
ed9c21f933d2741e,curated_candidate,methodology_pilot,region,montezuma_slough,Montezuma Slough,reserve,Calling on Reserves,strongest_saltier,mean,saltier,persistent_condition,2020-10-01,2020-11-29,60,60,,,12932.351,11170.096,1762.255,16.018,1753.351,1905.47,,,1,1,absolute+percent,7,false,,7,7,1,[object Object],[object Object],[object Object],,,,,,,,,,,,,"[62,65,74,78,81,83,86]",[],"[52,55,56,57,59,60,63,66,67,68,72,84,87]",,
5b8505c601e2093f,curated_candidate,cluster_discovery_scan,cluster,Montezuma Slough–eastern Suisun Marsh,Montezuma Slough–eastern Suisun Marsh,reserve,Calling on Reserves,threshold_consequence,mean,,,,,,,366,46.995,,,,,,,,,,,,9,false,,,,,,,,,8000,72,100,172,72,0,water_year,WY2020,exploratory EC screening threshold,100,103,,,,,
7aadd5e558434601,curated_candidate,cluster_discovery_scan,cluster,Montezuma Slough–eastern Suisun Marsh,Montezuma Slough–eastern Suisun Marsh,reserve,Calling on Reserves,strongest_saltier,mean,saltier,episode,2019-05-23,2019-12-19,211,211,,,6847.036,3898.717,2948.319,91.099,3021.698,4014.813,2942.44,6429.586,0.9426,1,absolute+percent,9,false,,7,7,1,[object Object],,,,,,,,,,,,,,,"[62,65,74,78,81,83,84,86,87]",[],[],,
ba5fc0bbf6bcff56,curated_candidate,cluster_discovery_scan,cluster,Montezuma Slough–eastern Suisun Marsh,Montezuma Slough–eastern Suisun Marsh,reserve,Calling on Reserves,strongest_fresher,mean,fresher,episode,2019-12-25,2020-01-23,30,30,,,3703.523,5071.392,-1367.869,-24.615,-872.48,-2650.329,-1438.692,-2036.153,0.9259,1,absolute+percent,9,false,,7,7,1,[object Object],,,,,,,,,,,,,,,"[62,65,74,78,81,83,84,86,87]",[],[],,
fa048a330ebcfbbe,curated_candidate,cluster_discovery_scan,cluster,Old River at Franks Tract,Old River at Franks Tract,reserve,Calling on Reserves,threshold_consequence,mean,,,,,,,365,18.904,,,,,,,,,,,,1,true,"SINGLE-STATION CLUSTER: this is a station-level discovery, not evidence of regional station agreement.",,,,,,,,700,69,0,69,69,0,water_year,WY2019,exploratory EC screening threshold,0,34,,,,,
1d237812e70480e3,curated_candidate,cluster_discovery_scan,cluster,Old River at Franks Tract,Old River at Franks Tract,reserve,Calling on Reserves,strongest_saltier,mean,saltier,episode,2018-10-07,2019-01-12,98,98,,,788.602,505.979,282.623,55.525,282.623,282.623,289.861,492.747,1,1,absolute+percent,1,true,"SINGLE-STATION CLUSTER: this is a station-level discovery, not evidence of regional station agreement.",7,7,1,[object Object],,,,,,,,,,,,,,,[132],[],[],,
7f0f0e612f5272ee,curated_candidate,cluster_discovery_scan,cluster,Old River at Franks Tract,Old River at Franks Tract,reserve,Calling on Reserves,strongest_fresher,mean,fresher,episode,2020-08-16,2020-09-14,30,30,,,391.099,523.575,-132.476,-24.204,-132.476,-132.476,-132.37,-231.856,1,1,absolute+percent,1,true,"SINGLE-STATION CLUSTER: this is a station-level discovery, not evidence of regional station agreement.",7,7,1,[object Object],,,,,,,,,,,,,,,[132],[],[],,
f0c47e01ab97a6bd,curated_candidate,cluster_discovery_scan,cluster,Old River Head–Roberts Island/Doughty Cut,Old River Head–Roberts Island/Doughty Cut,reserve,Calling on Reserves,threshold_consequence,mean,,,,,,,366,54.645,,,,,,,,,,,,3,false,,,,,,,,,450,-2,202,200,1,3,water_year,WY2020,exploratory EC screening threshold,61,60,,,,,
fe02736a83bc331a,curated_candidate,cluster_discovery_scan,cluster,Old River Head–Roberts Island/Doughty Cut,Old River Head–Roberts Island/Doughty Cut,reserve,Calling on Reserves,strongest_saltier,mean,saltier,episode,2020-07-17,2020-07-26,10,10,,,258.585,210.627,47.958,24.255,45.296,52.345,64.235,85.825,0.9667,1,absolute+percent,3,false,,7,7,1,[object Object],,,,,,,,,,,,,,,"[395,410,413]",[],[],,
ef2d62be7eec9f86,curated_candidate,cluster_discovery_scan,cluster,Old River–Doughty/Tom Paine complex,Old River–Doughty/Tom Paine complex,reserve,Calling on Reserves,threshold_consequence,mean,,,,,,,366,62.568,,,,,,,,,,,,7,false,,,,,,,,,450,13,216,229,13,0,water_year,WY2020,exploratory EC screening threshold,80,80,,,,,
9fc097df54cb7fe9,curated_candidate,cluster_discovery_scan,cluster,Old River–Doughty/Tom Paine complex,Old River–Doughty/Tom Paine complex,reserve,Calling on Reserves,strongest_saltier,mean,saltier,episode,2020-07-18,2020-08-11,25,25,,,455.973,346.45,109.523,37.118,131.659,177.039,112.177,161.575,0.9085,1,absolute+percent,7,false,,7,7,1,[object Object],,,,,,,,,,,,,,,"[381,383,384,385,389,390,392]",[],[],,
d7640644352c5bef,curated_candidate,cluster_discovery_scan,cluster,Old River–Fay/Woodward/Byron reach,Old River–Fay/Woodward/Byron reach,reserve,Calling on Reserves,threshold_consequence,mean,,,,,,,365,30.685,,,,,,,,,,,,7,false,,,,,,,,,700,98,14,112,98,0,water_year,WY2019,exploratory EC screening threshold,10,112,,,,,
6bfccfdb8a6afa49,curated_candidate,cluster_discovery_scan,cluster,Old River–Fay/Woodward/Byron reach,Old River–Fay/Woodward/Byron reach,reserve,Calling on Reserves,strongest_saltier,mean,saltier,episode,2018-10-07,2019-02-04,121,121,,,907.413,601.13,306.283,49.968,339.416,388.501,314.326,476.597,0.9988,1,absolute+percent,7,false,,7,7,1,[object Object],,,,,,,,,,,,,,,"[297,299,302,303,304,306,356]",[],[],,
2d9d6cb3ac9d4b6c,curated_candidate,cluster_discovery_scan,cluster,Old River–Fay/Woodward/Byron reach,Old River–Fay/Woodward/Byron reach,reserve,Calling on Reserves,strongest_fresher,mean,fresher,episode,2020-08-22,2020-09-23,33,33,,,548.234,718.482,-170.248,-22.953,-195.737,-212.964,-171.749,-270.068,0.9567,1,absolute+percent,7,false,,7,7,1,[object Object],,,,,,,,,,,,,,,"[297,299,302,303,304,306,356]",[],[],,
4d2f55a030d727d1,curated_candidate,cluster_discovery_scan,cluster,Pittsburg–Antioch Confluence Reach,Pittsburg–Antioch Confluence Reach,reserve,Calling on Reserves,threshold_consequence,mean,,,,,,,366,91.803,,,,,,,,,,,,3,false,,,,,,,,,1000,50,286,336,68,18,water_year,WY2020,exploratory EC screening threshold,159,264,,,,,
3074bbcb536b5438,curated_candidate,cluster_discovery_scan,cluster,Pittsburg–Antioch Confluence Reach,Pittsburg–Antioch Confluence Reach,reserve,Calling on Reserves,strongest_saltier,mean,saltier,episode,2018-10-07,2018-11-17,42,42,,,8466.455,6270.734,2195.721,38.634,2352.211,2450.519,2489.664,4122.524,0.9603,1,absolute+percent,3,false,,7,7,1,[object Object],,,,,,,,,,,,,,,"[93,94,97]",[],[],,
547e6ff9440dc13e,curated_candidate,cluster_discovery_scan,cluster,Pittsburg–Antioch Confluence Reach,Pittsburg–Antioch Confluence Reach,reserve,Calling on Reserves,strongest_fresher,mean,fresher,episode,2019-01-03,2019-01-22,20,20,,,566.606,1625.248,-1058.642,-41.606,-1219.37,-1274.974,-1087.013,-2662.055,0.9667,1,absolute+percent,3,false,,7,7,1,[object Object],,,,,,,,,,,,,,,"[93,94,97]",[],[],,
6fb0e65f4c20cf52,curated_candidate,cluster_discovery_scan,cluster,Potato–Little Connection Slough,Potato–Little Connection Slough,reserve,Calling on Reserves,threshold_consequence,mean,,,,,,,31,41.935,,,,,,,,,,,,2,true,"TWO-STATION CLUSTER: station agreement below reflects whether one or both of the two stations support the direction, not broad regional evidence.",,,,,,,,450,13,0,13,13,0,calendar_month,2018-12,exploratory EC screening threshold,0,13,,,,,
079155715649a8b0,curated_candidate,cluster_discovery_scan,cluster,Potato–Little Connection Slough,Potato–Little Connection Slough,reserve,Calling on Reserves,strongest_saltier,mean,saltier,episode,2018-10-07,2019-01-05,91,91,,,331.318,256.562,74.755,28.671,74.755,113.574,76.243,157.241,0.9835,1,absolute+percent,2,true,"TWO-STATION CLUSTER: station agreement below reflects whether one or both of the two stations support the direction, not broad regional evidence.",7,7,1,[object Object],,,,,,,,,,,,,,,"[136,320]",[],[],,
2e9ec6db9733cc22,curated_candidate,cluster_discovery_scan,cluster,Prisoners Point–Mandeville Reach,Prisoners Point–Mandeville Reach,reserve,Calling on Reserves,threshold_consequence,mean,,,,,,,365,26.301,,,,,,,,,,,,3,false,,,,,,,,,450,61,35,96,61,0,water_year,WY2019,exploratory EC screening threshold,20,67,,,,,
5eaec6a6703dd9d8,curated_candidate,cluster_discovery_scan,cluster,Prisoners Point–Mandeville Reach,Prisoners Point–Mandeville Reach,reserve,Calling on Reserves,strongest_saltier,mean,saltier,episode,2018-10-07,2019-01-13,99,99,,,614.561,410.121,204.44,49.286,212.402,222.048,208.72,391.638,1,1,absolute+percent,3,false,,7,7,1,[object Object],,,,,,,,,,,,,,,"[301,307,309]",[],[],,
0c6ca929f1294c97,curated_candidate,cluster_discovery_scan,cluster,Prisoners Point–Mandeville Reach,Prisoners Point–Mandeville Reach,reserve,Calling on Reserves,strongest_fresher,mean,fresher,episode,2020-08-17,2020-09-15,30,30,,,304.503,397.594,-93.091,-22.571,-98.07,-101.237,-93.443,-157.873,1,1,absolute+percent,3,false,,7,7,1,[object Object],,,,,,,,,,,,,,,"[301,307,309]",[],[],,
eb155a536223b63c,curated_candidate,cluster_discovery_scan,cluster,Rio Vista–Cache Slough entrance,Rio Vista–Cache Slough entrance,reserve,Calling on Reserves,strongest_saltier,mean,saltier,episode,2018-10-07,2018-11-06,31,31,,,234.198,167.247,66.951,41.42,32.671,167.815,73.56,123.207,0.9892,1,absolute+percent,6,false,,7,7,1,[object Object],,,,,,,,,,,,,,,"[114,118,122,123,161,167]",[],[],,
859013a486d16ec8,curated_candidate,cluster_discovery_scan,cluster,Rock Slough–Sand Mound/Summer Lake,Rock Slough–Sand Mound/Summer Lake,reserve,Calling on Reserves,threshold_consequence,mean,,,,,,,365,30.685,,,,,,,,,,,,4,false,,,,,,,,,1000,112,0,112,112,0,water_year,WY2019,exploratory EC screening threshold,0,112,,,,,
6ad7ced2b0c03598,curated_candidate,cluster_discovery_scan,cluster,Rock Slough–Sand Mound/Summer Lake,Rock Slough–Sand Mound/Summer Lake,reserve,Calling on Reserves,strongest_saltier,mean,saltier,episode,2018-10-07,2019-02-01,118,118,,,1255.512,821.736,433.776,52.314,406.95,503.522,442.277,557.955,0.9958,1,absolute+percent,4,false,,7,7,1,[object Object],,,,,,,,,,,,,,,"[268,272,273,275]",[],[],,
be9d9eb81f1f5bd9,curated_candidate,cluster_discovery_scan,cluster,Rock Slough–Sand Mound/Summer Lake,Rock Slough–Sand Mound/Summer Lake,reserve,Calling on Reserves,strongest_fresher,mean,fresher,episode,2020-08-23,2020-09-27,36,36,,,751.853,940.603,-188.75,-19.699,-181.929,-227.547,-190.481,-287.726,0.9792,1,absolute+percent,4,false,,7,7,1,[object Object],,,,,,,,,,,,,,,"[268,272,273,275]",[],[],,
48555891ea0baaee,curated_candidate,cluster_discovery_scan,cluster,Sacramento River–Sherman Island,Sacramento River–Sherman Island,reserve,Calling on Reserves,threshold_consequence,mean,,,,,,,366,43.443,,,,,,,,,,,,5,false,,,,,,,,,450,32,127,159,35,3,water_year,WY2020,exploratory EC screening threshold,104,80,,,,,
d49f8880631a8a36,curated_candidate,cluster_discovery_scan,cluster,Sacramento River–Sherman Island,Sacramento River–Sherman Island,reserve,Calling on Reserves,strongest_saltier,mean,saltier,episode,2018-10-07,2018-11-12,37,37,,,2046.642,1268.791,777.851,74.303,616.907,1366.995,891.469,1424.48,0.9568,1,absolute+percent,5,false,,7,7,1,[object Object],,,,,,,,,,,,,,,"[102,104,109,110,111]",[],[],,
2072989f05923ce4,curated_candidate,cluster_discovery_scan,cluster,San Joaquin River–Antioch Reach,San Joaquin River–Antioch Reach,reserve,Calling on Reserves,threshold_consequence,mean,,,,,,,366,81.148,,,,,,,,,,,,6,false,,,,,,,,,1000,93,204,297,109,16,water_year,WY2020,exploratory EC screening threshold,121,149,,,,,
9bfe83503fe600db,curated_candidate,cluster_discovery_scan,cluster,San Joaquin River–Antioch Reach,San Joaquin River–Antioch Reach,reserve,Calling on Reserves,strongest_saltier,mean,saltier,episode,2018-10-07,2019-01-04,90,90,,,5240.551,3791.692,1448.859,41.91,1403.013,1862.137,1556.951,2941.705,0.9907,1,absolute+percent,6,false,,7,7,1,[object Object],,,,,,,,,,,,,,,"[92,95,96,98,101,103]",[],[],,
a4803a779ec0ebba,curated_candidate,cluster_discovery_scan,cluster,San Joaquin River–Antioch Reach,San Joaquin River–Antioch Reach,reserve,Calling on Reserves,strongest_fresher,mean,fresher,episode,2019-01-05,2019-01-21,17,17,,,693.289,1332.551,-639.261,-32.344,-560.883,-1155.695,-691.593,-1481.706,0.9902,1,absolute+percent,6,false,,7,7,1,[object Object],,,,,,,,,,,,,,,"[92,95,96,98,101,103]",[],[],,
60ab810ad8c623e1,curated_candidate,cluster_discovery_scan,cluster,San Joaquin River–Howard/Brandt Bridge,San Joaquin River–Howard/Brandt Bridge,reserve,Calling on Reserves,threshold_consequence,mean,,,,,,,365,6.849,,,,,,,,,,,,4,false,,,,,,,,,700,-34,59,25,3,37,water_year,WY2019,exploratory EC screening threshold,44,19,,,,,
15e080958a7850fd,curated_candidate,cluster_discovery_scan,cluster,San Joaquin River–Howard/Brandt Bridge,San Joaquin River–Howard/Brandt Bridge,reserve,Calling on Reserves,strongest_fresher,mean,fresher,episode,2018-12-11,2019-01-20,41,41,,,674.849,847.054,-172.205,-19.966,-196.621,-94.267,-176.142,-266.952,0.9878,1,absolute+percent,4,false,,7,7,1,[object Object],,,,,,,,,,,,,,,"[411,414,416,417]",[],[],,
68b04486bf75f036,curated_candidate,cluster_discovery_scan,cluster,San Joaquin River–Howard/Brandt Bridge,San Joaquin River–Howard/Brandt Bridge,reserve,Calling on Reserves,strongest_saltier,mean,saltier,episode,2020-08-24,2020-09-08,16,16,,,540.494,428.278,112.215,28.441,125.528,64.107,117.791,152.149,1,1,absolute+percent,4,false,,7,7,1,[object Object],,,,,,,,,,,,,,,"[411,414,416,417]",[],[],,
21f681fe283b6822,curated_candidate,cluster_discovery_scan,cluster,San Joaquin River–Mossdale/Vernalis,San Joaquin River–Mossdale/Vernalis,reserve,Calling on Reserves,threshold_consequence,mean,,,,,,,28,14.286,,,,,,,,,,,,8,false,,,,,,,,,450,-1,5,4,0,1,calendar_month,2019-02,exploratory EC screening threshold,5,4,,,,,
c9a1655c97004136,curated_candidate,expanded_region_pilot,region,san_pablo_bay,San Pablo Bay,reserve,Calling on Reserves,threshold_consequence,mean,,,,,,,365,85.205,,,,,,,,,,,,13,false,,,,,,,,,19000,-31,342,311,9,40,water_year,WY2019,exploratory EC screening threshold,169,180,,,,,
b66c1239c34acaef,curated_candidate,cluster_discovery_scan,cluster,San Pablo Bay,San Pablo Bay,reserve,Calling on Reserves,threshold_consequence,mean,,,,,,,365,85.205,,,,,,,,,,,,13,false,,,,,,,,,19000,-31,342,311,9,40,water_year,WY2019,exploratory EC screening threshold,169,180,,,,,
0344b54597587230,curated_candidate,expanded_region_pilot,region,san_pablo_bay,San Pablo Bay,reserve,Calling on Reserves,strongest_fresher,mean,fresher,episode,2019-01-31,2019-03-05,34,34,,,18549.509,24535.782,-5986.273,-22.235,-6309.625,-4437.637,-6033.231,-11245.209,0.9276,1,absolute+percent,13,false,,7,7,1,[object Object],,,,,,,,,,,,,,,"[32,33,34,35,36,37,38,39,41,43,44,45,46]",[],[],,
15aab8c5229a6ede,curated_candidate,cluster_discovery_scan,cluster,San Pablo Bay,San Pablo Bay,reserve,Calling on Reserves,strongest_fresher,mean,fresher,episode,2019-01-31,2019-03-05,34,34,,,18549.509,24535.782,-5986.273,-22.235,-6309.625,-4437.637,-6033.231,-11245.209,0.9276,1,absolute+percent,13,false,,7,7,1,[object Object],,,,,,,,,,,,,,,"[32,33,34,35,36,37,38,39,41,43,44,45,46]",[],[],,
c8a18f8b1b59a876,curated_candidate,expanded_region_pilot,region,san_pablo_bay,San Pablo Bay,reserve,Calling on Reserves,strongest_saltier,mean,saltier,persistent_condition,2020-10-01,2020-11-29,60,60,60,100,43593.922,42929.925,663.997,1.548,631.873,303.144,,,1,1,absolute,13,false,,7,7,1,[object Object],[object Object],[object Object],false,,,,,,,,,,,,"[32,33,34,35,36,37,38,39,41,43,44,45,46]",[],[],,
dd17183976a158c7,curated_candidate,cluster_discovery_scan,cluster,San Pablo Bay,San Pablo Bay,reserve,Calling on Reserves,strongest_saltier,mean,saltier,persistent_condition,2020-10-01,2020-11-29,60,60,60,100,43593.922,42929.925,663.997,1.548,631.873,303.144,,,1,1,absolute,13,false,,7,7,1,[object Object],[object Object],[object Object],false,,,,,,,,,,,,"[32,33,34,35,36,37,38,39,41,43,44,45,46]",[],[],,
12600f070740eb3f,curated_candidate,cluster_discovery_scan,cluster,Sherman Lake and Sherman Island,Sherman Lake and Sherman Island,reserve,Calling on Reserves,threshold_consequence,mean,,,,,,,366,82.787,,,,,,,,,,,,2,true,"TWO-STATION CLUSTER: station agreement below reflects whether one or both of the two stations support the direction, not broad regional evidence.",,,,,,,,700,97,206,303,111,14,water_year,WY2020,exploratory EC screening threshold,129,149,,,,,
04f57354284b89f1,curated_candidate,cluster_discovery_scan,cluster,Sherman Lake and Sherman Island,Sherman Lake and Sherman Island,reserve,Calling on Reserves,strongest_saltier,mean,saltier,episode,2018-10-07,2018-11-17,42,42,,,5134.376,3538.097,1596.28,51.121,1596.28,1684.222,1800.366,2933.139,0.9643,1,absolute+percent,2,true,"TWO-STATION CLUSTER: station agreement below reflects whether one or both of the two stations support the direction, not broad regional evidence.",7,7,1,[object Object],,,,,,,,,,,,,,,"[99,100]",[],[],,
b457c73fb8988203,curated_candidate,cluster_discovery_scan,cluster,Sherman Lake and Sherman Island,Sherman Lake and Sherman Island,reserve,Calling on Reserves,strongest_fresher,mean,fresher,episode,2019-01-05,2019-01-19,15,15,,,469.915,1020.084,-550.168,-35.705,-550.168,-604.763,-615.428,-1196.748,0.9667,1,absolute+percent,2,true,"TWO-STATION CLUSTER: station agreement below reflects whether one or both of the two stations support the direction, not broad regional evidence.",7,7,1,[object Object],,,,,,,,,,,,,,,"[99,100]",[],[],,
e81edd1163a543ee,curated_candidate,cluster_discovery_scan,cluster,Stockton Ship Channel–lower San Joaquin/Garwood,Stockton Ship Channel–lower San Joaquin/Garwood,reserve,Calling on Reserves,threshold_consequence,mean,,,,,,,365,16.712,,,,,,,,,,,,11,false,,,,,,,,,450,-35,96,61,0,35,water_year,WY2019,exploratory EC screening threshold,77,42,,,,,
96a2bb3e25075d5c,curated_candidate,cluster_discovery_scan,cluster,Stockton Ship Channel–lower San Joaquin/Garwood,Stockton Ship Channel–lower San Joaquin/Garwood,reserve,Calling on Reserves,strongest_fresher,mean,fresher,episode,2018-11-19,2019-01-27,70,70,,,442.038,592.284,-150.246,-25.301,-140.156,-145.364,-150.18,-207.561,0.9662,1,absolute+percent,11,false,,7,7,1,[object Object],,,,,,,,,,,,,,,"[343,344,346,347,348,349,350,351,352,353,412]",[],[],,
895dca314bc3a1f3,curated_candidate,cluster_discovery_scan,cluster,Stockton Ship Channel–lower San Joaquin/Garwood,Stockton Ship Channel–lower San Joaquin/Garwood,reserve,Calling on Reserves,strongest_saltier,mean,saltier,episode,2020-02-28,2020-03-10,12,12,,,527.052,469.431,57.621,12.238,95.876,72.578,61.596,67.258,0.9015,1,absolute+percent,11,false,,7,7,1,[object Object],,,,,,,,,,,,,,,"[343,344,346,347,348,349,350,351,352,353,412]",[],[],,
074c424f069d6e31,curated_candidate,expanded_region_pilot,region,open_suisun_bay,Suisun Bay,reserve,Calling on Reserves,threshold_consequence,mean,,,,,,,366,88.798,,,,,,,,,,,,16,false,,,,,,,,,11000,120,205,325,133,13,water_year,WY2020,exploratory EC screening threshold,148,180,,,,,
1ec125827754b1c1,curated_candidate,cluster_discovery_scan,cluster,Suisun Bay,Suisun Bay,reserve,Calling on Reserves,threshold_consequence,mean,,,,,,,366,87.158,,,,,,,,,,,,10,false,,,,,,,,,11000,119,200,319,129,10,water_year,WY2020,exploratory EC screening threshold,148,180,,,,,
aaa9534178968455,curated_candidate,cluster_discovery_scan,cluster,Suisun Bay,Suisun Bay,reserve,Calling on Reserves,strongest_fresher,mean,fresher,episode,2019-01-04,2019-01-25,22,22,,,4398.566,8381.87,-3983.304,-34.203,-3959.391,-5295.902,-4133.055,-7527.409,0.9818,1,absolute+percent,10,false,,7,7,1,[object Object],,,,,,,,,,,,,,,"[53,58,61,69,70,75,76,77,79,80]",[],[],,
0c83eb6b2af3c504,curated_candidate,expanded_region_pilot,region,open_suisun_bay,Suisun Bay,reserve,Calling on Reserves,strongest_fresher,mean,fresher,episode,2019-01-05,2019-01-25,21,21,,,4397.273,8459.863,-4062.59,-36.994,-4127.613,-5342.164,-4284.591,-7182.181,0.9375,1,absolute+percent,16,false,,7,7,1,[object Object],,,,,,,,,,,,,,,"[53,54,58,61,63,64,67,69,70,72,73,75,76,77,79,80]",[],[],,
ccd68b04117fd136,curated_candidate,cluster_discovery_scan,cluster,Suisun Bay,Suisun Bay,reserve,Calling on Reserves,strongest_saltier,mean,saltier,episode,2019-07-31,2019-12-13,136,136,,,15188.932,9528.894,5660.038,64.951,5782.784,6355.427,5660.634,9044.042,0.9846,1,absolute+percent,10,false,,7,7,1,[object Object],,,,,,,,,,,,,,,"[53,58,61,69,70,75,76,77,79,80]",[],[],,
4e36b508d727de06,curated_candidate,expanded_region_pilot,region,open_suisun_bay,Suisun Bay,reserve,Calling on Reserves,strongest_saltier,mean,saltier,episode,2019-08-01,2019-12-14,136,136,,,15491.719,9706.874,5784.846,64.819,5944.375,6350.478,5785.56,9139.213,0.9867,1,absolute+percent,16,false,,7,7,1,[object Object],,,,,,,,,,,,,,,"[53,54,58,61,63,64,67,69,70,72,73,75,76,77,79,80]",[],[],,
81a9891da1daea7e,curated_candidate,expanded_region_pilot,region,ngw_component_003,Suisun Marsh,reserve,Calling on Reserves,threshold_consequence,mean,,,,,,,366,46.175,,,,,,,,,,,,29,false,,,,,,,,,8000,71,98,169,71,0,water_year,WY2020,exploratory EC screening threshold,98,101,,,,,
291362081bca6b21,curated_candidate,expanded_region_pilot,region,ngw_component_003,Suisun Marsh,reserve,Calling on Reserves,strongest_saltier,mean,saltier,episode,2019-07-31,2019-12-19,142,142,,,8832.272,5073.649,3758.623,76.257,4175.609,6067.552,3746.91,5717.138,0.9687,1,absolute+percent,29,false,,7,7,1,[object Object],,,,,,,,,,,,,,,"[52,54,55,56,57,59,60,62,65,66,68,71,74,75,78,81,83,84,86,87,89,92,94,95,97,98,100,101,103]",[],"[73,77,88,90,91,93]",,
0aecfe9f8ca1dee5,curated_candidate,expanded_region_pilot,region,ngw_component_003,Suisun Marsh,reserve,Calling on Reserves,strongest_fresher,mean,fresher,episode,2019-12-24,2020-01-22,30,30,,,4146.827,5502.774,-1355.947,-24.138,-1365.595,-3346.931,-1351.609,-1767.42,0.8885,1,absolute+percent,29,false,,7,7,1,[object Object],,,,,,,,,,,,,,,"[52,54,55,56,57,59,62,65,66,68,71,74,75,78,81,83,84,86,87,89,92,94,95,97,98,100,101,103]",[60],"[73,77,88,90,91,93]",,
74be6e02556467f6,curated_candidate,cluster_discovery_scan,cluster,Taylor Slough–Piper Slough,Taylor Slough–Piper Slough,reserve,Calling on Reserves,threshold_consequence,mean,,,,,,,366,48.361,,,,,,,,,,,,3,false,,,,,,,,,450,60,117,177,67,7,water_year,WY2020,exploratory EC screening threshold,84,98,,,,,
aaa826a49af3e0cd,curated_candidate,cluster_discovery_scan,cluster,Taylor Slough–Piper Slough,Taylor Slough–Piper Slough,reserve,Calling on Reserves,strongest_saltier,mean,saltier,episode,2018-10-07,2019-02-07,124,124,,,1620.449,1042.002,578.448,52.148,588.564,630.42,597.212,822.806,0.9785,1,absolute+percent,3,false,,7,7,1,[object Object],,,,,,,,,,,,,,,"[261,263,264]",[],[],,
1e167c299d3d4cf1,curated_candidate,cluster_discovery_scan,cluster,Taylor Slough–Piper Slough,Taylor Slough–Piper Slough,reserve,Calling on Reserves,strongest_fresher,mean,fresher,episode,2020-08-14,2020-09-20,38,38,,,1059.671,1355.276,-295.604,-21.121,-333.464,-322.987,-298.974,-497.235,0.9561,1,absolute+percent,3,false,,7,7,1,[object Object],,,,,,,,,,,,,,,"[261,263,264]",[],[],,
3508ac1f41da2a28,curated_candidate,cluster_discovery_scan,cluster,Three Mile Slough–Twitchell/False River,Three Mile Slough–Twitchell/False River,reserve,Calling on Reserves,threshold_consequence,mean,,,,,,,365,25.479,,,,,,,,,,,,7,false,,,,,,,,,1000,37,56,93,37,0,water_year,WY2019,exploratory EC screening threshold,53,93,,,,,
66b1ea4bfecec498,curated_candidate,cluster_discovery_scan,cluster,Three Mile Slough–Twitchell/False River,Three Mile Slough–Twitchell/False River,reserve,Calling on Reserves,strongest_saltier,mean,saltier,episode,2018-10-07,2019-01-08,94,94,,,1677.813,1083.885,593.928,56.614,587.579,792.264,623.256,930.189,0.9878,1,absolute+percent,7,false,,7,7,1,[object Object],,,,,,,,,,,,,,,"[113,115,116,117,119,120,121]",[],[],,
ce206059a0b99aac,curated_candidate,cluster_discovery_scan,cluster,Three Mile Slough–Twitchell/False River,Three Mile Slough–Twitchell/False River,reserve,Calling on Reserves,strongest_fresher,mean,fresher,episode,2020-08-06,2020-09-12,38,38,,,955.34,1224.055,-268.715,-20.839,-268.566,-379.061,-271.569,-472.448,0.9887,1,absolute+percent,7,false,,7,7,1,[object Object],,,,,,,,,,,,,,,"[113,115,116,117,119,120,121]",[],[],,
e2e6c5ef7eca848f,curated_candidate,cluster_discovery_scan,cluster,Tom Paine Slough–Paradise Cut/Pescadero,Tom Paine Slough–Paradise Cut/Pescadero,reserve,Calling on Reserves,threshold_consequence,mean,,,,,,,365,29.589,,,,,,,,,,,,6,false,,,,,,,,,700,15,93,108,15,0,water_year,WY2019,exploratory EC screening threshold,93,108,,,,,
00974202605b9e34,curated_candidate,cluster_discovery_scan,cluster,Tom Paine Slough–Paradise Cut/Pescadero,Tom Paine Slough–Paradise Cut/Pescadero,reserve,Calling on Reserves,strongest_saltier,mean,saltier,episode,2019-03-05,2019-03-26,22,22,,,725.537,574.953,150.585,26.569,110.127,92.838,154.235,225.933,0.7424,1,absolute+percent,6,false,,7,7,1,[object Object],,,,,,,,,,,,,,,"[406,407,408,409]","[394,399]",[],,
e579005b7acd4341,curated_candidate,cluster_discovery_scan,cluster,Western Suisun Marsh sloughs,Western Suisun Marsh sloughs,reserve,Calling on Reserves,threshold_consequence,mean,,,,,,,366,46.995,,,,,,,,,,,,5,false,,,,,,,,,11000,82,90,172,82,0,water_year,WY2020,exploratory EC screening threshold,90,93,,,,,
c0c743239b606cfc,curated_candidate,cluster_discovery_scan,cluster,Western Suisun Marsh sloughs,Western Suisun Marsh sloughs,reserve,Calling on Reserves,strongest_fresher,mean,fresher,episode,2020-01-02,2020-02-06,36,36,,,6078.703,6994.443,-915.74,-12.305,-805.975,-647.101,-936.624,-1603.848,0.8333,1,absolute+percent,5,false,,7,7,1,[object Object],,,,,,,,,,,,,,,"[57,60,66,68,71]",[],[],,
e5696e9eb8401639,curated_candidate,cluster_discovery_scan,cluster,Western Suisun Marsh sloughs,Western Suisun Marsh sloughs,reserve,Calling on Reserves,strongest_saltier,mean,saltier,persistent_condition,2020-10-01,2020-11-29,60,60,60,100,15274.609,13721.162,1553.448,11.563,1536.681,1557.662,,,0.9967,1,absolute+percent,5,false,,7,7,1,[object Object],[object Object],[object Object],false,,,,,,,,,,,,"[57,60,66,68,71]",[],[],,
d2b9393840a13424,curated_candidate,cluster_discovery_scan,cluster,White Slough–Bishop Cut,White Slough–Bishop Cut,reserve,Calling on Reserves,threshold_consequence,mean,,,,,,,31,3.226,,,,,,,,,,,,4,false,,,,,,,,,450,-1,2,1,0,1,calendar_month,2019-01,exploratory EC screening threshold,2,1,,,,,
clifton_court_forebay_bf_2018_fresher,curated_selected_station_analysis,cluster_discovery_scan_daily_station_differences,region,clifton_court_forebay,Clifton Court Forebay,bolster,Bolster & Fortify,curated_freshening_event,mean,fresher,episode,2018-10-13,2018-12-23,72,72,72,,507.058,615.951,108.893,-17.679,,,-108.893,,1.0,1,absolute+percent,9,false,,7,7,1,,,,,,,,,,,,,,,,"[284, 288, 355, 357, 358, 360, 362, 363, 369]",[],[],,
clifton_court_forebay_bf_2020_fresher,curated_selected_station_analysis,cluster_discovery_scan_daily_station_differences,region,clifton_court_forebay,Clifton Court Forebay,bolster,Bolster & Fortify,curated_freshening_event,mean,fresher,persistent_condition,2020-10-07,2020-11-29,54,54,54,,537.942,693.601,155.659,-22.442,,,-155.659,,1.0,1,absolute+percent,9,false,,7,7,1,,,,,,,,,,,,,,,,"[284, 288, 355, 357, 358, 360, 362, 363, 369]",[],[],,
