baseline,scenario,metric,start_date,end_date,direction,mean_daily_maximum_difference_us_cm,mean_daily_maximum_difference_percent_same_station,paired_days,dominant_maximum_station_id,dominant_maximum_station_name,dominant_maximum_days,dominant_maximum_share,meets_50_us_cm,meets_10_percent,meets_both_thresholds,insight
Baseline (BAU),Bolster & Fortify,daily maximum station-level scenario minus BAU difference,2018-10-01,2019-10-31,saltier,107.052626,26.915732,396,285,Frank's Tract North East,245,0.618687,True,True,True,"Compared with Baseline (BAU), the most salt-affected Franks Tract station under Bolster & Fortify was on average saltier from 2018-10-01 to 2019-10-31 by 107.05 µS/cm (26.92%). Frank's Tract North East was the daily maximum on 245 of 396 days."
Baseline (BAU),Bolster & Fortify,daily maximum station-level scenario minus BAU difference,2019-11-01,2019-11-30,fresher,0.587667,0.181955,30,285,Frank's Tract North East,15,0.500000,False,False,False,"Compared with Baseline (BAU), the most salt-affected Franks Tract station under Bolster & Fortify was on average fresher from 2019-11-01 to 2019-11-30 by 0.59 µS/cm (0.18%). Frank's Tract North East was the daily maximum on 15 of 30 days."
Baseline (BAU),Bolster & Fortify,daily maximum station-level scenario minus BAU difference,2019-12-01,2020-11-29,saltier,126.608466,32.018117,365,285,Frank's Tract North East,306,0.838356,True,True,True,"Compared with Baseline (BAU), the most salt-affected Franks Tract station under Bolster & Fortify was on average saltier from 2019-12-01 to 2020-11-29 by 126.61 µS/cm (32.02%). Frank's Tract North East was the daily maximum on 306 of 365 days."
Baseline (BAU),Eco Machine,daily maximum station-level scenario minus BAU difference,2018-10-01,2018-12-31,fresher,90.266413,22.548915,92,292,Frank's Tract at Old River,45,0.489130,True,True,True,"Compared with Baseline (BAU), the most salt-affected Franks Tract station under Eco Machine was on average fresher from 2018-10-01 to 2018-12-31 by 90.27 µS/cm (22.55%). Frank's Tract at Old River was the daily maximum on 45 of 92 days."
Baseline (BAU),Eco Machine,daily maximum station-level scenario minus BAU difference,2019-01-01,2019-07-31,saltier,44.893113,10.437038,212,283,Franks Tract,103,0.485849,False,True,False,"Compared with Baseline (BAU), the most salt-affected Franks Tract station under Eco Machine was on average saltier from 2019-01-01 to 2019-07-31 by 44.89 µS/cm (10.44%). Franks Tract was the daily maximum on 103 of 212 days."
Baseline (BAU),Eco Machine,daily maximum station-level scenario minus BAU difference,2019-08-01,2019-08-31,fresher,8.495161,2.167216,31,285,Frank's Tract North East,23,0.741935,False,False,False,"Compared with Baseline (BAU), the most salt-affected Franks Tract station under Eco Machine was on average fresher from 2019-08-01 to 2019-08-31 by 8.50 µS/cm (2.17%). Frank's Tract North East was the daily maximum on 23 of 31 days."
Baseline (BAU),Eco Machine,daily maximum station-level scenario minus BAU difference,2019-09-01,2019-10-31,saltier,2.853115,0.648283,61,281,South Franks Tract at Bethel Island,25,0.409836,False,False,False,"Compared with Baseline (BAU), the most salt-affected Franks Tract station under Eco Machine was on average saltier from 2019-09-01 to 2019-10-31 by 2.85 µS/cm (0.65%). South Franks Tract at Bethel Island was the daily maximum on 25 of 61 days."
Baseline (BAU),Eco Machine,daily maximum station-level scenario minus BAU difference,2019-11-01,2020-03-31,fresher,18.492039,4.702196,152,285,Frank's Tract North East,56,0.368421,False,False,False,"Compared with Baseline (BAU), the most salt-affected Franks Tract station under Eco Machine was on average fresher from 2019-11-01 to 2020-03-31 by 18.49 µS/cm (4.70%). Frank's Tract North East was the daily maximum on 56 of 152 days."
Baseline (BAU),Eco Machine,daily maximum station-level scenario minus BAU difference,2020-04-01,2020-04-30,saltier,4.029667,0.864711,30,283,Franks Tract,16,0.533333,False,False,False,"Compared with Baseline (BAU), the most salt-affected Franks Tract station under Eco Machine was on average saltier from 2020-04-01 to 2020-04-30 by 4.03 µS/cm (0.86%). Franks Tract was the daily maximum on 16 of 30 days."
Baseline (BAU),Eco Machine,daily maximum station-level scenario minus BAU difference,2020-05-01,2020-11-29,fresher,94.846009,23.441305,213,285,Frank's Tract North East,92,0.431925,True,True,True,"Compared with Baseline (BAU), the most salt-affected Franks Tract station under Eco Machine was on average fresher from 2020-05-01 to 2020-11-29 by 94.85 µS/cm (23.44%). Frank's Tract North East was the daily maximum on 92 of 213 days."
Baseline (BAU),New Green Watershed,daily maximum station-level scenario minus BAU difference,2018-10-01,2018-12-31,fresher,89.008152,22.188681,92,292,Frank's Tract at Old River,46,0.500000,True,True,True,"Compared with Baseline (BAU), the most salt-affected Franks Tract station under New Green Watershed was on average fresher from 2018-10-01 to 2018-12-31 by 89.01 µS/cm (22.19%). Frank's Tract at Old River was the daily maximum on 46 of 92 days."
Baseline (BAU),New Green Watershed,daily maximum station-level scenario minus BAU difference,2019-01-01,2019-07-31,saltier,43.744575,10.173862,212,283,Franks Tract,103,0.485849,False,True,False,"Compared with Baseline (BAU), the most salt-affected Franks Tract station under New Green Watershed was on average saltier from 2019-01-01 to 2019-07-31 by 43.74 µS/cm (10.17%). Franks Tract was the daily maximum on 103 of 212 days."
Baseline (BAU),New Green Watershed,daily maximum station-level scenario minus BAU difference,2019-08-01,2019-08-31,fresher,7.876774,2.007488,31,285,Frank's Tract North East,20,0.645161,False,False,False,"Compared with Baseline (BAU), the most salt-affected Franks Tract station under New Green Watershed was on average fresher from 2019-08-01 to 2019-08-31 by 7.88 µS/cm (2.01%). Frank's Tract North East was the daily maximum on 20 of 31 days."
Baseline (BAU),New Green Watershed,daily maximum station-level scenario minus BAU difference,2019-09-01,2019-10-31,saltier,3.665902,0.821538,61,281,South Franks Tract at Bethel Island,30,0.491803,False,False,False,"Compared with Baseline (BAU), the most salt-affected Franks Tract station under New Green Watershed was on average saltier from 2019-09-01 to 2019-10-31 by 3.67 µS/cm (0.82%). South Franks Tract at Bethel Island was the daily maximum on 30 of 61 days."
Baseline (BAU),New Green Watershed,daily maximum station-level scenario minus BAU difference,2019-11-01,2020-03-31,fresher,19.326447,4.900316,152,285,Frank's Tract North East,58,0.381579,False,False,False,"Compared with Baseline (BAU), the most salt-affected Franks Tract station under New Green Watershed was on average fresher from 2019-11-01 to 2020-03-31 by 19.33 µS/cm (4.90%). Frank's Tract North East was the daily maximum on 58 of 152 days."
Baseline (BAU),New Green Watershed,daily maximum station-level scenario minus BAU difference,2020-04-01,2020-04-30,saltier,4.386000,0.948202,30,283,Franks Tract,16,0.533333,False,False,False,"Compared with Baseline (BAU), the most salt-affected Franks Tract station under New Green Watershed was on average saltier from 2020-04-01 to 2020-04-30 by 4.39 µS/cm (0.95%). Franks Tract was the daily maximum on 16 of 30 days."
Baseline (BAU),New Green Watershed,daily maximum station-level scenario minus BAU difference,2020-05-01,2020-11-29,fresher,87.460329,21.662450,213,285,Frank's Tract North East,92,0.431925,True,True,True,"Compared with Baseline (BAU), the most salt-affected Franks Tract station under New Green Watershed was on average fresher from 2020-05-01 to 2020-11-29 by 87.46 µS/cm (21.66%). Frank's Tract North East was the daily maximum on 92 of 213 days."
Baseline (BAU),Calling on Reserve,daily maximum station-level scenario minus BAU difference,2018-10-01,2019-02-28,saltier,489.113245,90.913023,151,265,Little Franks Tract at Fisherman's Cut,96,0.635762,True,True,True,"Compared with Baseline (BAU), the most salt-affected Franks Tract station under Calling on Reserve was on average saltier from 2018-10-01 to 2019-02-28 by 489.11 µS/cm (90.91%). Little Franks Tract at Fisherman's Cut was the daily maximum on 96 of 151 days."
Baseline (BAU),Calling on Reserve,daily maximum station-level scenario minus BAU difference,2019-03-01,2019-05-31,fresher,26.024130,4.745853,92,265,Little Franks Tract at Fisherman's Cut,84,0.913043,False,False,False,"Compared with Baseline (BAU), the most salt-affected Franks Tract station under Calling on Reserve was on average fresher from 2019-03-01 to 2019-05-31 by 26.02 µS/cm (4.75%). Little Franks Tract at Fisherman's Cut was the daily maximum on 84 of 92 days."
Baseline (BAU),Calling on Reserve,daily maximum station-level scenario minus BAU difference,2019-06-01,2019-12-31,saltier,207.667430,38.593436,214,265,Little Franks Tract at Fisherman's Cut,131,0.612150,True,True,True,"Compared with Baseline (BAU), the most salt-affected Franks Tract station under Calling on Reserve was on average saltier from 2019-06-01 to 2019-12-31 by 207.67 µS/cm (38.59%). Little Franks Tract at Fisherman's Cut was the daily maximum on 131 of 214 days."
Baseline (BAU),Calling on Reserve,daily maximum station-level scenario minus BAU difference,2020-01-01,2020-01-31,fresher,31.319677,8.254371,31,292,Frank's Tract at Old River,14,0.451613,False,False,False,"Compared with Baseline (BAU), the most salt-affected Franks Tract station under Calling on Reserve was on average fresher from 2020-01-01 to 2020-01-31 by 31.32 µS/cm (8.25%). Frank's Tract at Old River was the daily maximum on 14 of 31 days."
Baseline (BAU),Calling on Reserve,daily maximum station-level scenario minus BAU difference,2020-02-01,2020-07-31,saltier,71.245220,13.177033,182,265,Little Franks Tract at Fisherman's Cut,145,0.796703,True,True,True,"Compared with Baseline (BAU), the most salt-affected Franks Tract station under Calling on Reserve was on average saltier from 2020-02-01 to 2020-07-31 by 71.25 µS/cm (13.18%). Little Franks Tract at Fisherman's Cut was the daily maximum on 145 of 182 days."
Baseline (BAU),Calling on Reserve,daily maximum station-level scenario minus BAU difference,2020-08-01,2020-08-31,fresher,94.741935,24.517915,31,292,Frank's Tract at Old River,24,0.774194,True,True,True,"Compared with Baseline (BAU), the most salt-affected Franks Tract station under Calling on Reserve was on average fresher from 2020-08-01 to 2020-08-31 by 94.74 µS/cm (24.52%). Frank's Tract at Old River was the daily maximum on 24 of 31 days."
Baseline (BAU),Calling on Reserve,daily maximum station-level scenario minus BAU difference,2020-09-01,2020-11-29,saltier,391.026889,70.756281,90,265,Little Franks Tract at Fisherman's Cut,74,0.822222,True,True,True,"Compared with Baseline (BAU), the most salt-affected Franks Tract station under Calling on Reserve was on average saltier from 2020-09-01 to 2020-11-29 by 391.03 µS/cm (70.76%). Little Franks Tract at Fisherman's Cut was the daily maximum on 74 of 90 days."
Baseline (BAU),A Tunnel,daily maximum station-level scenario minus BAU difference,2018-10-01,2019-02-28,saltier,965.950132,181.458651,151,265,Little Franks Tract at Fisherman's Cut,89,0.589404,True,True,True,"Compared with Baseline (BAU), the most salt-affected Franks Tract station under A Tunnel was on average saltier from 2018-10-01 to 2019-02-28 by 965.95 µS/cm (181.46%). Little Franks Tract at Fisherman's Cut was the daily maximum on 89 of 151 days."
Baseline (BAU),A Tunnel,daily maximum station-level scenario minus BAU difference,2019-03-01,2019-05-31,fresher,26.851196,4.877490,92,265,Little Franks Tract at Fisherman's Cut,92,1.000000,False,False,False,"Compared with Baseline (BAU), the most salt-affected Franks Tract station under A Tunnel was on average fresher from 2019-03-01 to 2019-05-31 by 26.85 µS/cm (4.88%). Little Franks Tract at Fisherman's Cut was the daily maximum on 92 of 92 days."
Baseline (BAU),A Tunnel,daily maximum station-level scenario minus BAU difference,2019-06-01,2020-06-30,saltier,255.362854,48.663138,396,265,Little Franks Tract at Fisherman's Cut,205,0.517677,True,True,True,"Compared with Baseline (BAU), the most salt-affected Franks Tract station under A Tunnel was on average saltier from 2019-06-01 to 2020-06-30 by 255.36 µS/cm (48.66%). Little Franks Tract at Fisherman's Cut was the daily maximum on 205 of 396 days."
Baseline (BAU),A Tunnel,daily maximum station-level scenario minus BAU difference,2020-07-01,2020-08-31,fresher,63.906452,16.448838,62,292,Frank's Tract at Old River,62,1.000000,True,True,True,"Compared with Baseline (BAU), the most salt-affected Franks Tract station under A Tunnel was on average fresher from 2020-07-01 to 2020-08-31 by 63.91 µS/cm (16.45%). Frank's Tract at Old River was the daily maximum on 62 of 62 days."
Baseline (BAU),A Tunnel,daily maximum station-level scenario minus BAU difference,2020-09-01,2020-11-29,saltier,417.604889,76.444745,90,265,Little Franks Tract at Fisherman's Cut,73,0.811111,True,True,True,"Compared with Baseline (BAU), the most salt-affected Franks Tract station under A Tunnel was on average saltier from 2020-09-01 to 2020-11-29 by 417.60 µS/cm (76.44%). Little Franks Tract at Fisherman's Cut was the daily maximum on 73 of 90 days."
