region_id,region_name,closure_id,closure_label,station_idx,station_name,full_set_direction,leave_one_out_direction,change_in_avg_ec_difference,change_in_avg_ec_difference_pct,change_in_qualifying_days,change_in_station_agreement,flags,is_influential,relationship_to_regional_interpretation
franks_tract,Franks Tract,closure_1,Closure 1 (long closure),291,Frank's Tract at Sheep Slough,saltier,saltier,22.379000000000005,0.2181040279902931,54,0.04509999999999992,episode_split_or_joined;duration_changed_materially;avg_difference_changed_materially,True,weakens
franks_tract,Franks Tract,closure_1,Closure 1 (long closure),292,Frank's Tract at Old River,saltier,saltier,13.945999999999998,0.1359166528599413,5,0.06659999999999999,,False,little_effect
franks_tract,Franks Tract,closure_2,Closure 2 (short closure),291,Frank's Tract at Sheep Slough,fresher,fresher,0.26899999999999835,0.004938860940770358,-3,0.0038000000000000256,duration_changed_materially,True,weakens
franks_tract,Franks Tract,closure_2,Closure 2 (short closure),292,Frank's Tract at Old River,fresher,fresher,-0.8279999999999959,-0.015202144457092422,-1,0.0012999999999999678,,False,little_effect
franks_tract,Franks Tract,closure_3,Closure 3 (provisional),291,Frank's Tract at Sheep Slough,saltier,saltier,55.05600000000001,0.6508262997375702,8,0.07909999999999995,episode_split_or_joined;avg_difference_changed_materially,True,weakens
franks_tract,Franks Tract,closure_3,Closure 3 (provisional),292,Frank's Tract at Old River,saltier,saltier,39.98400000000001,0.47265763529328336,8,0.07909999999999995,episode_split_or_joined;avg_difference_changed_materially,True,weakens
freshwater_corridor,Freshwater Corridor,closure_1,Closure 1 (long closure),355,Old River at Italian Slough,fresher,fresher,-0.813999999999993,-0.004704576848164654,0,-0.00539999999999996,,False,little_effect
freshwater_corridor,Freshwater Corridor,closure_1,Closure 1 (long closure),357,Old River at Clifton Court,fresher,fresher,-1.5130000000000052,-0.008744502176011313,1,-0.006399999999999961,,False,little_effect
freshwater_corridor,Freshwater Corridor,closure_2,Closure 2 (short closure),355,Old River at Italian Slough,fresher,fresher,-0.6060000000000016,-0.010114159823753282,0,-0.0037000000000000366,,False,little_effect
freshwater_corridor,Freshwater Corridor,closure_2,Closure 2 (short closure),357,Old River at Clifton Court,fresher,fresher,-1.3330000000000055,-0.02224781360571476,0,-0.0037000000000000366,,False,little_effect
freshwater_corridor,Freshwater Corridor,closure_3,Closure 3 (provisional),355,Old River at Italian Slough,fresher,fresher,-2.849999999999966,-0.00995709713934334,0,-0.0024999999999999467,,False,little_effect
freshwater_corridor,Freshwater Corridor,closure_3,Closure 3 (provisional),357,Old River at Clifton Court,fresher,fresher,-4.789999999999964,-0.016734910630685898,0,-0.0024999999999999467,,False,little_effect
clifton_court_forebay,Clifton Court Forebay,closure_1,Closure 1 (long closure),284,Italian Slough West of Clifton Court Forebay,fresher,fresher,-0.006000000000000227,-5.1280736391376524e-05,-2,0.0,,False,little_effect
clifton_court_forebay,Clifton Court Forebay,closure_1,Closure 1 (long closure),288,Byron Area,fresher,fresher,2.9920000000000044,0.025571993880498828,-3,0.0,episode_split_or_joined,True,weakens
clifton_court_forebay,Clifton Court Forebay,closure_1,Closure 1 (long closure),355,Old River at Italian Slough,fresher,fresher,6.748000000000005,0.05767373486149932,-1,0.0,,False,little_effect
clifton_court_forebay,Clifton Court Forebay,closure_1,Closure 1 (long closure),357,Old River at Clifton Court,fresher,fresher,3.3389999999999986,0.028537729801799944,0,0.0,,False,little_effect
clifton_court_forebay,Clifton Court Forebay,closure_1,Closure 1 (long closure),358,Tracy Pumping Plant,fresher,fresher,6.676000000000002,0.0570583660248028,17,0.0,episode_split_or_joined;duration_changed_materially,True,weakens
clifton_court_forebay,Clifton Court Forebay,closure_1,Closure 1 (long closure),362,Grant Line Canal near Clifton Court Forebay - WQ,fresher,fresher,4.370999999999995,0.03735801646111634,17,0.0,episode_split_or_joined;duration_changed_materially,True,weakens
clifton_court_forebay,Clifton Court Forebay,closure_1,Closure 1 (long closure),363,Old River below Dam,fresher,fresher,5.013000000000005,0.042845055254993505,17,0.0,episode_split_or_joined;duration_changed_materially,True,weakens
clifton_court_forebay,Clifton Court Forebay,closure_2,Closure 2 (short closure),284,Italian Slough West of Clifton Court Forebay,no_qualifying_pattern,no_qualifying_pattern,-1.7603533333333292,-0.11681972582958511,0,,,False,little_effect
clifton_court_forebay,Clifton Court Forebay,closure_2,Closure 2 (short closure),288,Byron Area,no_qualifying_pattern,no_qualifying_pattern,-0.6312000000000015,-0.04188739246115428,0,,,False,little_effect
clifton_court_forebay,Clifton Court Forebay,closure_2,Closure 2 (short closure),355,Old River at Italian Slough,no_qualifying_pattern,no_qualifying_pattern,2.532726666666667,0.16807559550617474,0,,,False,little_effect
clifton_court_forebay,Clifton Court Forebay,closure_2,Closure 2 (short closure),357,Old River at Clifton Court,no_qualifying_pattern,no_qualifying_pattern,1.5206400000000002,0.10091198427143457,0,,,False,little_effect
clifton_court_forebay,Clifton Court Forebay,closure_2,Closure 2 (short closure),358,Tracy Pumping Plant,no_qualifying_pattern,no_qualifying_pattern,-0.7093600000000002,-0.047074208992782536,0,,,False,little_effect
clifton_court_forebay,Clifton Court Forebay,closure_2,Closure 2 (short closure),362,Grant Line Canal near Clifton Court Forebay - WQ,no_qualifying_pattern,no_qualifying_pattern,-1.4720400000000016,-0.09768681431957772,0,,,False,little_effect
clifton_court_forebay,Clifton Court Forebay,closure_2,Closure 2 (short closure),363,Old River below Dam,no_qualifying_pattern,no_qualifying_pattern,-1.16318666666667,-0.07719083715501984,0,,,False,little_effect
clifton_court_forebay,Clifton Court Forebay,closure_3,Closure 3 (provisional),284,Italian Slough West of Clifton Court Forebay,fresher,fresher,2.1110000000000184,0.012543525021688345,0,0.0,,False,little_effect
clifton_court_forebay,Clifton Court Forebay,closure_3,Closure 3 (provisional),288,Byron Area,fresher,fresher,6.164000000000016,0.036626380025431775,0,0.0,,False,little_effect
clifton_court_forebay,Clifton Court Forebay,closure_3,Closure 3 (provisional),355,Old River at Italian Slough,fresher,fresher,9.041000000000025,0.05372146362912537,0,0.0,,False,little_effect
clifton_court_forebay,Clifton Court Forebay,closure_3,Closure 3 (provisional),357,Old River at Clifton Court,fresher,fresher,5.160000000000025,0.03066062961246405,0,0.0,,False,little_effect
clifton_court_forebay,Clifton Court Forebay,closure_3,Closure 3 (provisional),358,Tracy Pumping Plant,fresher,fresher,-5.033999999999992,-0.02991193981960136,0,0.0,,False,little_effect
clifton_court_forebay,Clifton Court Forebay,closure_3,Closure 3 (provisional),362,Grant Line Canal near Clifton Court Forebay - WQ,fresher,fresher,-7.793999999999983,-0.04631181147277967,0,0.0,,False,little_effect
clifton_court_forebay,Clifton Court Forebay,closure_3,Closure 3 (provisional),363,Old River below Dam,fresher,fresher,-7.804000000000002,-0.046371231297610144,0,0.0,,False,little_effect
