scenario,station_id,objective,start_date,end_date,days,status
baseline,EMM,agricultural,2020-04-27,2020-06-15,50,calculated_exceedance
baseline,SJR,agricultural,2020-03-06,2020-04-20,46,calculated_exceedance
baseline,BDT,agricultural,2020-03-07,2020-04-21,46,calculated_exceedance
baseline,UNI,agricultural,,,,not_computable_station_not_in_scenario_export
baseline,OLD,agricultural,,,,not_computable_station_not_in_scenario_export
baseline,BDL,ecosystem_high_tide_monthly,,,,not_computable_high_tide_data_required
baseline,CLL,ecosystem_high_tide_monthly,,,,not_computable_high_tide_data_required
baseline,NSL,ecosystem_high_tide_monthly,,,,not_computable_high_tide_data_required
baseline,SNC,ecosystem_high_tide_monthly,,,,not_computable_high_tide_data_required
baseline,VOL,ecosystem_high_tide_monthly,,,,not_computable_high_tide_data_required
bolster,EMM,agricultural,2020-04-27,2020-06-15,50,calculated_exceedance
bolster,SJR,agricultural,2020-03-06,2020-04-20,46,calculated_exceedance
bolster,BDT,agricultural,2020-03-07,2020-04-21,46,calculated_exceedance
bolster,UNI,agricultural,,,,not_computable_station_not_in_scenario_export
bolster,OLD,agricultural,,,,not_computable_station_not_in_scenario_export
bolster,BDL,ecosystem_high_tide_monthly,,,,not_computable_high_tide_data_required
bolster,CLL,ecosystem_high_tide_monthly,,,,not_computable_high_tide_data_required
bolster,NSL,ecosystem_high_tide_monthly,,,,not_computable_high_tide_data_required
bolster,SNC,ecosystem_high_tide_monthly,,,,not_computable_high_tide_data_required
bolster,VOL,ecosystem_high_tide_monthly,,,,not_computable_high_tide_data_required
reserve,EMM,agricultural,2019-07-30,2019-08-15,17,calculated_exceedance
reserve,EMM,agricultural,2020-04-03,2020-04-20,18,calculated_exceedance
reserve,EMM,agricultural,2020-04-28,2020-05-20,23,calculated_exceedance
reserve,EMM,agricultural,2020-05-22,2020-06-15,25,calculated_exceedance
reserve,JER,agricultural,2020-05-28,2020-06-15,19,calculated_exceedance
reserve,SJR,agricultural,2020-03-06,2020-04-20,46,calculated_exceedance
reserve,BDT,agricultural,2020-03-07,2020-04-21,46,calculated_exceedance
reserve,UNI,agricultural,,,,not_computable_station_not_in_scenario_export
reserve,OLD,agricultural,,,,not_computable_station_not_in_scenario_export
reserve,WCI,agricultural,2018-12-01,2018-12-31,31,calculated_exceedance
reserve,JER,ecosystem_14d,2020-03-19,2020-04-02,15,calculated_exceedance
reserve,BDL,ecosystem_high_tide_monthly,,,,not_computable_high_tide_data_required
reserve,CLL,ecosystem_high_tide_monthly,,,,not_computable_high_tide_data_required
reserve,NSL,ecosystem_high_tide_monthly,,,,not_computable_high_tide_data_required
reserve,SNC,ecosystem_high_tide_monthly,,,,not_computable_high_tide_data_required
reserve,VOL,ecosystem_high_tide_monthly,,,,not_computable_high_tide_data_required
newgreen,EMM,agricultural,2020-04-29,2020-05-22,24,calculated_exceedance
newgreen,SJR,agricultural,2020-03-06,2020-04-20,46,calculated_exceedance
newgreen,BDT,agricultural,2020-03-07,2020-04-21,46,calculated_exceedance
newgreen,UNI,agricultural,,,,not_computable_station_not_in_scenario_export
newgreen,OLD,agricultural,,,,not_computable_station_not_in_scenario_export
newgreen,BDL,ecosystem_high_tide_monthly,,,,not_computable_high_tide_data_required
newgreen,CLL,ecosystem_high_tide_monthly,,,,not_computable_high_tide_data_required
newgreen,NSL,ecosystem_high_tide_monthly,,,,not_computable_high_tide_data_required
newgreen,SNC,ecosystem_high_tide_monthly,,,,not_computable_high_tide_data_required
newgreen,VOL,ecosystem_high_tide_monthly,,,,not_computable_high_tide_data_required
tunnel,EMM,agricultural,2019-07-28,2019-08-15,19,calculated_exceedance
tunnel,EMM,agricultural,2020-05-17,2020-06-15,30,calculated_exceedance
tunnel,EMM,agricultural,2020-08-02,2020-08-15,14,calculated_exceedance
tunnel,JER,agricultural,2019-08-02,2019-08-15,14,calculated_exceedance
tunnel,SJR,agricultural,2020-03-06,2020-04-20,46,calculated_exceedance
tunnel,BDT,agricultural,2020-03-07,2020-04-21,46,calculated_exceedance
tunnel,UNI,agricultural,,,,not_computable_station_not_in_scenario_export
tunnel,OLD,agricultural,,,,not_computable_station_not_in_scenario_export
tunnel,WCI,agricultural,2018-11-01,2019-01-31,92,calculated_exceedance
tunnel,DMC,agricultural,2018-12-01,2019-01-31,62,calculated_exceedance
tunnel,BDL,ecosystem_high_tide_monthly,,,,not_computable_high_tide_data_required
tunnel,CLL,ecosystem_high_tide_monthly,,,,not_computable_high_tide_data_required
tunnel,NSL,ecosystem_high_tide_monthly,,,,not_computable_high_tide_data_required
tunnel,SNC,ecosystem_high_tide_monthly,,,,not_computable_high_tide_data_required
tunnel,VOL,ecosystem_high_tide_monthly,,,,not_computable_high_tide_data_required
ecomachine,EMM,agricultural,2020-04-29,2020-05-21,23,calculated_exceedance
ecomachine,SJR,agricultural,2020-03-06,2020-04-20,46,calculated_exceedance
ecomachine,BDT,agricultural,2020-03-07,2020-04-21,46,calculated_exceedance
ecomachine,UNI,agricultural,,,,not_computable_station_not_in_scenario_export
ecomachine,OLD,agricultural,,,,not_computable_station_not_in_scenario_export
ecomachine,BDL,ecosystem_high_tide_monthly,,,,not_computable_high_tide_data_required
ecomachine,CLL,ecosystem_high_tide_monthly,,,,not_computable_high_tide_data_required
ecomachine,NSL,ecosystem_high_tide_monthly,,,,not_computable_high_tide_data_required
ecomachine,SNC,ecosystem_high_tide_monthly,,,,not_computable_high_tide_data_required
ecomachine,VOL,ecosystem_high_tide_monthly,,,,not_computable_high_tide_data_required
