scenario,d1641_station_id,rma_station_name,rma_short_name,rma_station_number,archive_index,latitude,longitude,source_file_occurrences,mapping_method
baseline,EMM,SACRAMENTO RIVER AT EMMATON,emm2,104,9,38.0842856,-121.738874,3,identity/name mapping
baseline,JER,SAN JOAQUIN RIVER AT JERSEY POINT,sjj,113,116,38.0522259,-121.6889323,1,identity/name mapping
baseline,STI,MOKELUMNE RIVER (SOUTH FORK) @ STATEN ISLAND,sti,138,37,38.1168587,-121.4989043,5,identity/name mapping
baseline,SAL,SAN ANDREAS LANDING,REsal,129,35,38.1031042,-121.5914462,1,identity/name mapping
baseline,SJR,SAN JOAQUIN RIVER NEAR VERNALIS,vns,425,95,37.6760988,-121.2654998,5,identity/name mapping
baseline,BDT,SAN JOAQUIN RIVER AT BRANDT BRIDGE,bdt,414,66,37.8645752,-121.323124,3,identity/name mapping
baseline,UNI,,uni,403,44,37.8220938,-121.3750095,0,not present in scenario exports
baseline,OLD,,old,379,70,37.8047259,-121.4495286,0,not present in scenario exports
baseline,WCI,WEST CANAL NEAR CLIFTON COURT INTAKE,wci,360,60,37.8316122,-121.5540552,1,identity/name mapping
baseline,DMC,TRACY PUMPING PLANT,trp,358,43,37.8166428,-121.5586439,2,identity/name mapping
baseline,PPT,PRISONERS POINT,ppt,307,33,38.0563598,-121.5499832,2,identity/name mapping
baseline,CLL,COLLINSVILLE,cll,90,82,38.0739494,-121.8500957,2,identity/name mapping
baseline,NSL,MONTEZUMA SLOUGH AT NATIONAL STEEL,nsl,86,63,38.1220266,-121.8882111,3,identity/name mapping
baseline,BDL,MONTEZUMA SLOUGH NEAR BELDONS LANDING,bdl,78,57,38.1867854,-121.9707748,3,identity/name mapping
baseline,SNC,CHADBOURNE SLOUGH AT SUNRISE DUCK CLUB,snc,57,54,38.1850321,-122.0830543,2,identity/name mapping
baseline,VOL,SUISUN SLOUGH 300' SOUTH OF VOLANTI SLOUGH,vol,66,56,38.1810401,-122.0483434,2,identity/name mapping
bolster,EMM,SACRAMENTO RIVER AT EMMATON,emm2,104,9,38.0842856,-121.738874,3,identity/name mapping
bolster,JER,SAN JOAQUIN RIVER AT JERSEY POINT,sjj,113,116,38.0522259,-121.6889323,1,identity/name mapping
bolster,STI,MOKELUMNE RIVER (SOUTH FORK) @ STATEN ISLAND,sti,138,37,38.1168587,-121.4989043,5,identity/name mapping
bolster,SAL,SAN ANDREAS LANDING,REsal,129,35,38.1031042,-121.5914462,1,identity/name mapping
bolster,SJR,SAN JOAQUIN RIVER NEAR VERNALIS,vns,425,95,37.6760988,-121.2654998,5,identity/name mapping
bolster,BDT,SAN JOAQUIN RIVER AT BRANDT BRIDGE,bdt,414,66,37.8645752,-121.323124,3,identity/name mapping
bolster,UNI,,uni,403,44,37.8220938,-121.3750095,0,not present in scenario exports
bolster,OLD,,old,379,70,37.8047259,-121.4495286,0,not present in scenario exports
bolster,WCI,WEST CANAL NEAR CLIFTON COURT INTAKE,wci,360,60,37.8316122,-121.5540552,1,identity/name mapping
bolster,DMC,TRACY PUMPING PLANT,trp,358,43,37.8166428,-121.5586439,2,identity/name mapping
bolster,PPT,PRISONERS POINT,ppt,307,33,38.0563598,-121.5499832,2,identity/name mapping
bolster,CLL,COLLINSVILLE,cll,90,82,38.0739494,-121.8500957,2,identity/name mapping
bolster,NSL,MONTEZUMA SLOUGH AT NATIONAL STEEL,nsl,86,63,38.1220266,-121.8882111,3,identity/name mapping
bolster,BDL,MONTEZUMA SLOUGH NEAR BELDONS LANDING,bdl,78,57,38.1867854,-121.9707748,3,identity/name mapping
bolster,SNC,CHADBOURNE SLOUGH AT SUNRISE DUCK CLUB,snc,57,54,38.1850321,-122.0830543,2,identity/name mapping
bolster,VOL,SUISUN SLOUGH 300' SOUTH OF VOLANTI SLOUGH,vol,66,56,38.1810401,-122.0483434,2,identity/name mapping
reserve,EMM,SACRAMENTO RIVER AT EMMATON,emm2,104,9,38.0842856,-121.738874,3,identity/name mapping
reserve,JER,SAN JOAQUIN RIVER AT JERSEY POINT,sjj,113,116,38.0522259,-121.6889323,1,identity/name mapping
reserve,STI,MOKELUMNE RIVER (SOUTH FORK) @ STATEN ISLAND,sti,138,37,38.1168587,-121.4989043,5,identity/name mapping
reserve,SAL,SAN ANDREAS LANDING,REsal,129,35,38.1031042,-121.5914462,1,identity/name mapping
reserve,SJR,SAN JOAQUIN RIVER NEAR VERNALIS,vns,425,95,37.6760988,-121.2654998,5,identity/name mapping
reserve,BDT,SAN JOAQUIN RIVER AT BRANDT BRIDGE,bdt,414,66,37.8645752,-121.323124,3,identity/name mapping
reserve,UNI,,uni,403,44,37.8220938,-121.3750095,0,not present in scenario exports
reserve,OLD,,old,379,70,37.8047259,-121.4495286,0,not present in scenario exports
reserve,WCI,WEST CANAL NEAR CLIFTON COURT INTAKE,wci,360,60,37.8316122,-121.5540552,1,identity/name mapping
reserve,DMC,TRACY PUMPING PLANT,trp,358,43,37.8166428,-121.5586439,2,identity/name mapping
reserve,PPT,PRISONERS POINT,ppt,307,33,38.0563598,-121.5499832,2,identity/name mapping
reserve,CLL,COLLINSVILLE,cll,90,82,38.0739494,-121.8500957,2,identity/name mapping
reserve,NSL,MONTEZUMA SLOUGH AT NATIONAL STEEL,nsl,86,63,38.1220266,-121.8882111,3,identity/name mapping
reserve,BDL,MONTEZUMA SLOUGH NEAR BELDONS LANDING,bdl,78,57,38.1867854,-121.9707748,3,identity/name mapping
reserve,SNC,CHADBOURNE SLOUGH AT SUNRISE DUCK CLUB,snc,57,54,38.1850321,-122.0830543,2,identity/name mapping
reserve,VOL,SUISUN SLOUGH 300' SOUTH OF VOLANTI SLOUGH,vol,66,56,38.1810401,-122.0483434,2,identity/name mapping
newgreen,EMM,SACRAMENTO RIVER AT EMMATON,emm2,104,9,38.0842856,-121.738874,3,identity/name mapping
newgreen,JER,SAN JOAQUIN RIVER AT JERSEY POINT,sjj,113,116,38.0522259,-121.6889323,1,identity/name mapping
newgreen,STI,MOKELUMNE RIVER (SOUTH FORK) @ STATEN ISLAND,sti,138,37,38.1168587,-121.4989043,5,identity/name mapping
newgreen,SAL,SAN ANDREAS LANDING,REsal,129,35,38.1031042,-121.5914462,1,identity/name mapping
newgreen,SJR,SAN JOAQUIN RIVER NEAR VERNALIS,vns,425,95,37.6760988,-121.2654998,5,identity/name mapping
newgreen,BDT,SAN JOAQUIN RIVER AT BRANDT BRIDGE,bdt,414,66,37.8645752,-121.323124,3,identity/name mapping
newgreen,UNI,,uni,403,44,37.8220938,-121.3750095,0,not present in scenario exports
newgreen,OLD,,old,379,70,37.8047259,-121.4495286,0,not present in scenario exports
newgreen,WCI,WEST CANAL NEAR CLIFTON COURT INTAKE,wci,360,60,37.8316122,-121.5540552,1,identity/name mapping
newgreen,DMC,TRACY PUMPING PLANT,trp,358,43,37.8166428,-121.5586439,2,identity/name mapping
newgreen,PPT,PRISONERS POINT,ppt,307,33,38.0563598,-121.5499832,2,identity/name mapping
newgreen,CLL,COLLINSVILLE,cll,90,82,38.0739494,-121.8500957,2,identity/name mapping
newgreen,NSL,MONTEZUMA SLOUGH AT NATIONAL STEEL,nsl,86,63,38.1220266,-121.8882111,3,identity/name mapping
newgreen,BDL,MONTEZUMA SLOUGH NEAR BELDONS LANDING,bdl,78,57,38.1867854,-121.9707748,3,identity/name mapping
newgreen,SNC,CHADBOURNE SLOUGH AT SUNRISE DUCK CLUB,snc,57,54,38.1850321,-122.0830543,2,identity/name mapping
newgreen,VOL,SUISUN SLOUGH 300' SOUTH OF VOLANTI SLOUGH,vol,66,56,38.1810401,-122.0483434,2,identity/name mapping
tunnel,EMM,SACRAMENTO RIVER AT EMMATON,emm2,104,9,38.0842856,-121.738874,3,identity/name mapping
tunnel,JER,SAN JOAQUIN RIVER AT JERSEY POINT,sjj,113,116,38.0522259,-121.6889323,1,identity/name mapping
tunnel,STI,MOKELUMNE RIVER (SOUTH FORK) @ STATEN ISLAND,sti,138,37,38.1168587,-121.4989043,5,identity/name mapping
tunnel,SAL,SAN ANDREAS LANDING,REsal,129,35,38.1031042,-121.5914462,1,identity/name mapping
tunnel,SJR,SAN JOAQUIN RIVER NEAR VERNALIS,vns,425,95,37.6760988,-121.2654998,5,identity/name mapping
tunnel,BDT,SAN JOAQUIN RIVER AT BRANDT BRIDGE,bdt,414,66,37.8645752,-121.323124,3,identity/name mapping
tunnel,UNI,,uni,403,44,37.8220938,-121.3750095,0,not present in scenario exports
tunnel,OLD,,old,379,70,37.8047259,-121.4495286,0,not present in scenario exports
tunnel,WCI,WEST CANAL NEAR CLIFTON COURT INTAKE,wci,360,60,37.8316122,-121.5540552,1,identity/name mapping
tunnel,DMC,TRACY PUMPING PLANT,trp,358,43,37.8166428,-121.5586439,2,identity/name mapping
tunnel,PPT,PRISONERS POINT,ppt,307,33,38.0563598,-121.5499832,2,identity/name mapping
tunnel,CLL,COLLINSVILLE,cll,90,82,38.0739494,-121.8500957,2,identity/name mapping
tunnel,NSL,MONTEZUMA SLOUGH AT NATIONAL STEEL,nsl,86,63,38.1220266,-121.8882111,3,identity/name mapping
tunnel,BDL,MONTEZUMA SLOUGH NEAR BELDONS LANDING,bdl,78,57,38.1867854,-121.9707748,3,identity/name mapping
tunnel,SNC,CHADBOURNE SLOUGH AT SUNRISE DUCK CLUB,snc,57,54,38.1850321,-122.0830543,2,identity/name mapping
tunnel,VOL,SUISUN SLOUGH 300' SOUTH OF VOLANTI SLOUGH,vol,66,56,38.1810401,-122.0483434,2,identity/name mapping
ecomachine,EMM,SACRAMENTO RIVER AT EMMATON,emm2,104,9,38.0842856,-121.738874,3,identity/name mapping
ecomachine,JER,SAN JOAQUIN RIVER AT JERSEY POINT,sjj,113,116,38.0522259,-121.6889323,1,identity/name mapping
ecomachine,STI,MOKELUMNE RIVER (SOUTH FORK) @ STATEN ISLAND,sti,138,37,38.1168587,-121.4989043,5,identity/name mapping
ecomachine,SAL,SAN ANDREAS LANDING,REsal,129,35,38.1031042,-121.5914462,1,identity/name mapping
ecomachine,SJR,SAN JOAQUIN RIVER NEAR VERNALIS,vns,425,95,37.6760988,-121.2654998,5,identity/name mapping
ecomachine,BDT,SAN JOAQUIN RIVER AT BRANDT BRIDGE,bdt,414,66,37.8645752,-121.323124,3,identity/name mapping
ecomachine,UNI,,uni,403,44,37.8220938,-121.3750095,0,not present in scenario exports
ecomachine,OLD,,old,379,70,37.8047259,-121.4495286,0,not present in scenario exports
ecomachine,WCI,WEST CANAL NEAR CLIFTON COURT INTAKE,wci,360,60,37.8316122,-121.5540552,1,identity/name mapping
ecomachine,DMC,TRACY PUMPING PLANT,trp,358,43,37.8166428,-121.5586439,2,identity/name mapping
ecomachine,PPT,PRISONERS POINT,ppt,307,33,38.0563598,-121.5499832,2,identity/name mapping
ecomachine,CLL,COLLINSVILLE,cll,90,82,38.0739494,-121.8500957,2,identity/name mapping
ecomachine,NSL,MONTEZUMA SLOUGH AT NATIONAL STEEL,nsl,86,63,38.1220266,-121.8882111,3,identity/name mapping
ecomachine,BDL,MONTEZUMA SLOUGH NEAR BELDONS LANDING,bdl,78,57,38.1867854,-121.9707748,3,identity/name mapping
ecomachine,SNC,CHADBOURNE SLOUGH AT SUNRISE DUCK CLUB,snc,57,54,38.1850321,-122.0830543,2,identity/name mapping
ecomachine,VOL,SUISUN SLOUGH 300' SOUTH OF VOLANTI SLOUGH,vol,66,56,38.1810401,-122.0483434,2,identity/name mapping
