scenario,station_id,start_date,end_date,expected_days,complete_days,incomplete_days,expected_samples_per_day
baseline,BDT,2018-10-01,2020-11-29,791,791,0,96
baseline,DMC,2018-10-01,2020-11-29,791,791,0,96
baseline,EMM,2018-10-01,2020-11-29,791,791,0,96
baseline,JER,2018-10-01,2020-11-29,791,791,0,96
baseline,PPT,2018-10-01,2020-11-29,791,791,0,96
baseline,SAL,2018-10-01,2020-11-29,791,791,0,96
baseline,SJR,2018-10-01,2020-11-29,791,791,0,96
baseline,STI,2018-10-01,2020-11-29,791,791,0,96
baseline,WCI,2018-10-01,2020-11-29,791,791,0,96
bolster,BDT,2018-10-01,2020-11-29,791,791,0,96
bolster,DMC,2018-10-01,2020-11-29,791,791,0,96
bolster,EMM,2018-10-01,2020-11-29,791,791,0,96
bolster,JER,2018-10-01,2020-11-29,791,791,0,96
bolster,PPT,2018-10-01,2020-11-29,791,791,0,96
bolster,SAL,2018-10-01,2020-11-29,791,791,0,96
bolster,SJR,2018-10-01,2020-11-29,791,791,0,96
bolster,STI,2018-10-01,2020-11-29,791,791,0,96
bolster,WCI,2018-10-01,2020-11-29,791,791,0,96
reserve,BDT,2018-10-01,2020-11-29,791,791,0,96
reserve,DMC,2018-10-01,2020-11-29,791,791,0,96
reserve,EMM,2018-10-01,2020-11-29,791,791,0,96
reserve,JER,2018-10-01,2020-11-29,791,791,0,96
reserve,PPT,2018-10-01,2020-11-29,791,791,0,96
reserve,SAL,2018-10-01,2020-11-29,791,791,0,96
reserve,SJR,2018-10-01,2020-11-29,791,791,0,96
reserve,STI,2018-10-01,2020-11-29,791,791,0,96
reserve,WCI,2018-10-01,2020-11-29,791,791,0,96
newgreen,BDT,2018-10-01,2020-11-29,791,791,0,96
newgreen,DMC,2018-10-01,2020-11-29,791,791,0,96
newgreen,EMM,2018-10-01,2020-11-29,791,791,0,96
newgreen,JER,2018-10-01,2020-11-29,791,791,0,96
newgreen,PPT,2018-10-01,2020-11-29,791,791,0,96
newgreen,SAL,2018-10-01,2020-11-29,791,791,0,96
newgreen,SJR,2018-10-01,2020-11-29,791,791,0,96
newgreen,STI,2018-10-01,2020-11-29,791,791,0,96
newgreen,WCI,2018-10-01,2020-11-29,791,791,0,96
tunnel,BDT,2018-10-01,2020-11-29,791,791,0,96
tunnel,DMC,2018-10-01,2020-11-29,791,791,0,96
tunnel,EMM,2018-10-01,2020-11-29,791,791,0,96
tunnel,JER,2018-10-01,2020-11-29,791,791,0,96
tunnel,PPT,2018-10-01,2020-11-29,791,791,0,96
tunnel,SAL,2018-10-01,2020-11-29,791,791,0,96
tunnel,SJR,2018-10-01,2020-11-29,791,791,0,96
tunnel,STI,2018-10-01,2020-11-29,791,791,0,96
tunnel,WCI,2018-10-01,2020-11-29,791,791,0,96
ecomachine,BDT,2018-10-01,2020-11-29,791,791,0,96
ecomachine,DMC,2018-10-01,2020-11-29,791,791,0,96
ecomachine,EMM,2018-10-01,2020-11-29,791,791,0,96
ecomachine,JER,2018-10-01,2020-11-29,791,791,0,96
ecomachine,PPT,2018-10-01,2020-11-29,791,791,0,96
ecomachine,SAL,2018-10-01,2020-11-29,791,791,0,96
ecomachine,SJR,2018-10-01,2020-11-29,791,791,0,96
ecomachine,STI,2018-10-01,2020-11-29,791,791,0,96
ecomachine,WCI,2018-10-01,2020-11-29,791,791,0,96
